date,start_datetime,id,name,type,indoor,distance_km,avg_speed_kph,moving_seconds,elapsed_seconds,elevation_m,avg_power,normalized_power,avg_hr,max_hr,avg_cadence,intensity_pct,variability_index,decoupling_pct,efficiency_factor,tss,calories,work_kj,rpe,feel
2026-07-27,2026-07-27T20:56:34,i171616201,Ride,Ride,False,60.68,26.53,8286,12795,194.0,115.0,148.0,160.0,185.0,83.5,82.2,1.287,11.44,0.925,156.0,976,,,
2026-07-22,2026-07-22T21:18:04,i171616210,Ride,Ride,False,32.47,23.55,4873,8277,159.0,112.0,160.0,157.0,186.0,80.9,88.9,1.429,13.35,1.019,107.0,560,,,
2026-07-15,2026-07-15T22:49:09,i171616217,Ride,Ride,False,40.97,25.19,5866,7074,102.0,121.0,145.0,156.0,188.0,85.8,80.6,1.198,14.04,0.929,106.0,712,,,
2026-07-03,2026-07-03T22:09:56,i171616222,Ride,Ride,False,17.5,22.94,2742,2839,50.0,111.0,146.0,151.0,180.0,77.5,81.1,1.315,2.05,0.967,50.0,306,,,
2026-06-30,2026-06-30T20:49:40,i171616230,Ride,Ride,False,35.32,24.95,5097,6233,56.0,117.0,137.0,155.0,180.0,82.0,76.1,1.171,23.49,0.884,82.0,599,,,
2026-06-26,2026-06-26T21:52:25,i171616236,Ride,Ride,False,33.33,24.36,4993,6704,158.0,118.0,140.0,158.0,185.0,82.5,77.8,1.186,15.06,0.886,84.0,590,,,
2026-06-25,2026-06-25T00:25:42,i171616240,자전거 타기,Ride,False,22.66,23.04,3552,3614,39.0,95.0,116.0,140.0,167.0,84.5,64.4,1.221,8.27,0.829,41.0,338,,,
2026-06-12,2026-06-12T23:15:03,i171616243,자전거 타기,Ride,False,30.55,26.08,4221,4307,36.0,113.0,122.0,157.0,180.0,88.3,67.8,1.08,6.1,0.777,54.0,479,,,
2026-06-06,2026-06-06T21:17:03,i171616253,자전거 타기,Ride,False,9.15,25.83,1277,1854,5.0,117.0,144.0,162.0,187.0,77.9,80.0,1.231,10.37,0.889,23.0,152,,,
2026-05-01,2026-05-01T21:33:48,i171616259,자전거 타기,Ride,False,1.73,17.33,374,801,7.0,86.0,122.0,,,59.5,67.8,1.419,,,5.0,32,,,
2026-04-14,2026-04-14T23:21:55,i171616266,자전거 타기,Ride,False,34.74,22.1,5673,7067,124.0,102.0,119.0,143.0,169.0,79.9,66.1,1.167,14.97,0.832,69.0,582,,,
2026-04-07,2026-04-07T23:12:29,i171616272,자전거 타기,Ride,False,20.02,20.27,3525,4339,10.0,88.0,114.0,140.0,170.0,76.4,63.3,1.295,-41.38,0.814,39.0,320,,,
2026-04-07,2026-04-07T02:06:56,i171641720,재활 day 9,VirtualRide,True,17.95,25.44,2514,3003,28.0,88.0,96.0,131.0,151.0,80.2,53.3,1.091,-0.45,0.733,20.0,212,,,
2026-04-04,2026-04-04T02:47:24,i171641724,재활 day 7?,VirtualRide,True,15.53,22.91,2416,2744,26.0,71.0,79.0,125.0,148.0,82.0,43.9,1.113,12.22,0.632,13.0,164,,,
2026-03-25,2026-03-25T00:36:50,i171641731,재활 day6,VirtualRide,True,12.44,24.4,1829,1838,20.0,69.0,72.0,119.0,128.0,78.2,40.0,1.043,10.83,0.605,8.0,121,,,
2026-03-23,2026-03-23T01:44:38,i171641738,재활 day 5,VirtualRide,True,17.75,25.66,2475,2561,28.0,82.0,88.0,129.0,146.0,83.1,48.9,1.073,2.44,0.682,16.0,196,,,
2026-03-21,2026-03-21T01:08:00,i171641745,Zwift - Tempus Fugit in Watopia,VirtualRide,True,17.96,26.44,2442,2444,28.0,87.0,91.0,130.0,148.0,83.2,50.6,1.046,18.08,0.7,17.0,202,,,
2026-03-20,2026-03-20T00:53:07,i171641758,Zwift - Tempus Fugit in Watopia,VirtualRide,True,17.06,25.26,2427,2429,27.0,76.0,78.0,132.0,142.0,0.0,43.3,1.026,10.52,0.591,13.0,177,,,
2026-03-19,2026-03-19T02:10:38,i171641764,Zwift - Day 1,VirtualRide,True,21.38,25.48,3014,3134,85.0,92.0,96.0,136.0,150.0,78.3,53.3,1.043,6.63,0.706,24.0,272,,,
2024-04-04,2024-04-04T01:43:45,i171667463,Early morning Virtual Ride,VirtualRide,True,28.83,28.68,3615,3617,112.0,112.0,115.0,147.0,162.0,87.6,63.9,1.027,2.26,0.782,41.0,385,,,
2024-04-03,2024-04-03T00:49:10,i171668504,Early morning Virtual Ride,VirtualRide,True,27.28,27.94,3512,3514,104.0,106.0,115.0,139.0,153.0,86.8,63.9,1.085,7.98,0.827,40.0,356,,,
2024-03-28,2024-03-28T00:10:23,i171661672,Early morning Virtual Ride,VirtualRide,True,22.12,24.26,3043,3281,125.0,100.0,105.0,147.0,161.0,82.3,58.3,1.05,5.2,0.714,29.0,292,,,
2024-03-27,2024-03-27T00:19:25,i171667125,Early morning Virtual Ride,VirtualRide,True,23.85,26.01,3259,3299,203.0,121.0,134.0,165.0,184.0,85.4,74.4,1.107,9.92,0.812,50.0,382,,,
2023-06-07,2023-06-07T20:17:54,i171668222,Night Ride,Ride,False,33.47,24.47,4929,12570,165.0,116.0,146.0,157.0,186.0,78.2,81.1,1.259,12.38,0.93,90.0,686,,,
2023-01-23,2023-01-23T14:31:04,i171661373,Afternoon Ride,Ride,False,56.52,24.89,8177,9028,254.0,134.0,163.0,154.0,179.0,78.6,90.6,1.216,4.8,1.058,186.0,1296,,,
2023-01-10,2023-01-10T12:38:10,i171666787,Lunch Ride,Ride,False,45.66,23.48,7013,16113,158.0,120.0,161.0,153.0,188.0,70.3,89.4,1.342,-12.39,1.052,156.0,1057,,,
2022-12-21,2022-12-21T01:43:41,i171667883,Early morning Virtual Ride,VirtualRide,True,24.28,26.77,3262,3264,211.0,126.0,136.0,143.0,163.0,85.5,75.6,1.079,10.0,0.951,52.0,393,,,
2022-12-20,2022-12-20T00:23:20,i171660309,Early morning Virtual Ride,VirtualRide,True,27.09,30.4,3203,3206,149.0,135.0,141.0,153.0,165.0,83.7,78.3,1.044,5.69,0.922,55.0,413,,,
2022-12-19,2022-12-19T23:26:25,i171666388,Night Virtual Ride,VirtualRide,True,11.07,31.41,1257,1267,63.0,148.0,187.0,157.0,187.0,87.8,103.9,1.264,-2.49,1.191,38.0,179,,,
2022-10-23,2022-10-23T09:37:50,i171667569,Morning Ride,Ride,False,68.01,21.92,11178,20680,868.0,111.0,159.0,149.0,188.0,71.9,88.3,1.432,0.28,1.067,242.0,1547,,,
2022-10-23,2022-10-23T04:39:40,i171668593,Early morning Ride,Ride,False,7.43,22.88,1168,1307,89.0,132.0,171.0,,,72.3,95.0,1.295,,,29.0,180,,,
2022-10-21,2022-10-21T22:01:37,i171662195,Night Virtual Ride,VirtualRide,True,20.51,26.4,2662,2795,59.0,105.0,119.0,138.0,158.0,78.9,66.1,1.133,15.11,0.862,32.0,272,,,
2022-10-15,2022-10-15T18:45:42,i171667230,Evening Ride,Ride,False,47.84,20.19,8537,14020,738.0,124.0,170.0,153.0,185.0,74.7,94.4,1.371,22.07,1.111,212.0,1290,,,
2022-10-11,2022-10-11T08:59:35,i171668304,Morning Ride,Ride,False,32.23,19.85,5856,13556,451.0,114.0,168.0,148.0,186.0,72.7,93.3,1.474,42.58,1.135,142.0,817,,,
2022-10-07,2022-10-07T11:22:34,i171661461,Lunch Ride,Ride,False,50.55,22.26,8187,13661,416.0,116.0,151.0,152.0,188.0,75.9,83.9,1.302,12.66,0.993,160.0,1165,,,
2022-10-05,2022-10-05T09:37:10,i171666911,Morning Ride,Ride,False,63.14,24.34,9002,19906,104.0,109.0,148.0,150.0,188.0,77.0,82.2,1.358,14.33,0.987,169.0,1278,,,
2022-09-26,2022-09-26T16:00:18,i171667977,Afternoon Ride,Ride,False,7.17,15.16,1706,3054,44.0,59.0,86.0,,,66.2,47.8,1.458,,,11.0,150,,,
2022-09-25,2022-09-25T13:42:47,i171660400,Lunch Ride,Ride,False,4.16,24.32,615,777,11.0,104.0,122.0,,,74.3,67.8,1.173,,,8.0,78,,,
2022-09-24,2022-09-24T12:14:04,i171666512,Lunch Ride,Ride,False,41.79,21.93,6873,12570,187.0,101.0,148.0,149.0,188.0,71.7,82.2,1.465,18.65,0.993,129.0,881,,,
2022-09-22,2022-09-22T19:55:04,i171667657,Evening Ride,Ride,False,33.28,21.45,5590,10437,384.0,122.0,166.0,156.0,188.0,75.0,92.2,1.361,10.73,1.064,132.0,837,,,
2022-09-13,2022-09-13T19:53:54,i171668707,Evening Ride,Ride,False,47.99,23.32,7415,13827,379.0,105.0,139.0,155.0,183.0,73.2,77.2,1.324,7.31,0.897,123.0,996,,,
2022-09-13,2022-09-13T08:36:40,i171662280,Morning Ride,Ride,False,32.2,19.95,5817,10208,408.0,108.0,158.0,157.0,188.0,69.4,87.8,1.463,34.5,1.006,124.0,785,,,
2022-09-03,2022-09-03T08:00:34,i171667347,Morning Ride,Ride,False,48.46,24.7,7069,12601,196.0,117.0,154.0,162.0,188.0,75.5,85.6,1.316,5.87,0.951,144.0,1020,,,
2022-09-01,2022-09-01T20:50:18,i171668389,Night Ride,Ride,False,41.39,24.04,6188,7738,169.0,116.0,151.0,153.0,183.0,74.5,83.9,1.302,17.81,0.987,121.0,875,,,
2022-05-17,2022-05-17T22:03:42,i171616279,사이클링,Ride,False,11.52,21.03,1946,2117,44.0,89.0,119.0,123.0,151.0,67.9,66.1,1.337,-0.6,0.967,24.0,182,,,
2022-05-11,2022-05-11T21:18:46,i171616288,사이클링,Ride,False,40.43,23.23,6149,8693,114.0,96.0,129.0,124.0,156.0,70.1,71.7,1.344,9.39,1.04,88.0,610,,,
2022-05-05,2022-05-05T13:34:33,i171616297,사이클링,Ride,False,93.65,23.79,14005,27694,46.0,98.0,128.0,131.0,171.0,68.5,71.1,1.306,9.08,0.977,197.0,1418,,,
2022-05-04,2022-05-04T20:21:28,i171616300,사이클링,Ride,False,48.52,26.04,6634,10532,335.0,155.0,203.0,160.0,185.0,75.7,112.8,1.31,-17.95,1.269,234.0,1046,,,
2022-04-30,2022-04-30T08:11:36,i171616311,사이클링,Ride,False,93.47,24.98,13402,15980,1624.0,154.0,184.0,153.0,178.0,76.2,102.2,1.195,3.68,1.203,389.0,2100,,,
2022-04-27,2022-04-27T08:38:24,i171616316,기타,VirtualRide,True,0.0,0.0,424,424,0.0,,,78.0,97.0,,,,,,1.0,23,,,
2022-04-26,2022-04-26T19:59:29,i171616323,기타,Ride,False,22.94,18.51,4425,7893,700.0,158.0,207.0,159.0,186.0,71.1,115.0,1.31,5.14,1.302,163.0,703,,,
2022-04-24,2022-04-24T20:08:13,i171616329,사이클링,Ride,False,40.2,26.31,5432,9024,164.0,152.0,187.0,155.0,178.0,76.8,103.9,1.23,-4.17,1.206,163.0,850,,,
2022-04-23,2022-04-23T19:40:50,i171616334,사이클링,Ride,False,34.47,16.97,7293,8110,1040.0,122.0,166.0,147.0,184.0,66.5,92.2,1.361,-2.88,1.129,172.0,890,,,
2022-04-22,2022-04-22T19:50:49,i171616345,사이클링,Ride,False,32.13,19.48,5728,10511,370.0,102.0,176.0,140.0,181.0,68.8,97.8,1.725,23.19,1.257,152.0,641,,,
2022-04-17,2022-04-17T08:34:32,i171616353,사이클링,Ride,False,101.33,24.56,14726,23214,426.0,108.0,149.0,144.0,188.0,72.7,82.8,1.38,-4.04,1.035,280.0,1633,,,
2022-04-16,2022-04-16T11:57:32,i171616357,사이클링,Ride,False,85.38,23.12,13173,29216,656.0,127.0,177.0,153.0,188.0,72.8,98.3,1.394,9.41,1.157,354.0,1729,,,
2022-04-12,2022-04-12T19:55:16,i171616358,사이클링,Ride,False,0.66,8.47,275,530,8.0,45.0,80.0,,,42.4,44.4,1.778,,,2.0,13,,,
2022-04-11,2022-04-11T19:44:42,i171616363,사이클링,Ride,False,30.82,20.21,5429,10278,384.0,115.0,173.0,140.0,182.0,67.4,96.1,1.504,14.13,1.236,139.0,651,,,
2022-04-10,2022-04-10T15:21:03,i171616367,사이클링,Ride,False,61.62,25.77,8555,11003,111.0,138.0,182.0,154.0,181.0,70.7,101.1,1.319,-16.35,1.182,243.0,1184,,,
2022-04-09,2022-04-09T12:49:43,i171616369,사이클링,Ride,False,12.12,22.03,1902,7723,33.0,98.0,188.0,135.0,174.0,66.6,104.4,1.918,-3535.79,1.393,58.0,204,,,
2022-04-08,2022-04-08T19:32:36,i171616381,사이클링,Ride,False,4.71,18.65,868,16499,21.0,96.0,143.0,,,61.9,79.4,1.49,,,15.0,89,,,
2022-04-04,2022-04-04T19:53:12,i171616387,사이클링,Ride,False,13.47,17.83,2707,3902,413.0,140.0,193.0,161.0,188.0,70.0,107.2,1.379,-21.8,1.199,86.0,379,,,
2022-03-20,2022-03-20T08:09:31,i171642410,사이클링,Ride,False,116.11,24.3,17179,30473,295.0,123.0,156.0,140.0,176.0,72.4,86.7,1.268,18.78,1.114,358.0,2131,,,
2022-03-15,2022-03-15T23:27:04,i171642403,사이클링,Ride,False,22.51,26.02,3137,3203,56.0,139.0,156.0,137.0,161.0,77.5,86.7,1.122,4.16,1.139,65.0,434,,,
2022-03-12,2022-03-12T13:40:34,i171642399,사이클링,Ride,False,96.1,25.2,13735,22959,136.0,140.0,166.0,138.0,163.0,75.7,92.2,1.186,-0.91,1.203,324.0,1944,,,
2022-03-09,2022-03-09T14:02:34,i171642396,사이클링,Ride,False,86.61,22.95,13467,21046,189.0,118.0,150.0,134.0,165.0,70.4,83.3,1.271,-0.52,1.119,260.0,1610,,,
2022-03-08,2022-03-08T20:55:19,i171642388,사이클링,Ride,False,50.14,25.35,7189,9977,228.0,155.0,182.0,151.0,173.0,78.5,101.1,1.174,-8.88,1.205,204.0,1115,,,
2022-03-05,2022-03-05T08:28:32,i171642385,사이클링,Ride,False,91.63,27.99,11836,17952,722.0,162.0,193.0,155.0,180.0,79.0,107.2,1.191,16.01,1.245,378.0,1935,,,
2022-03-04,2022-03-04T20:12:50,i171642377,사이클링,Ride,False,34.22,22.2,5530,10672,70.0,108.0,165.0,125.0,172.0,67.8,91.7,1.528,-62.26,1.32,129.0,609,,,
2022-03-02,2022-03-02T21:07:10,i171642372,사이클링,Ride,False,35.21,28.77,4414,7308,91.0,184.0,207.0,153.0,182.0,79.7,115.0,1.125,7.6,1.353,162.0,815,,,
2022-02-27,2022-02-27T17:52:32,i171666856,사이클링,Ride,False,22.34,23.57,3391,6307,46.0,135.0,165.0,138.0,162.0,69.4,91.7,1.222,19.4,1.196,79.0,471,,,
2022-02-26,2022-02-26T08:27:43,i171667926,사이클링,Ride,False,115.07,27.31,15198,24667,655.0,179.0,206.0,159.0,184.0,78.1,114.4,1.151,17.19,1.296,553.0,2734,,,
2022-02-25,2022-02-25T20:57:10,i171660366,기타,Ride,False,4.85,19.63,890,1638,147.0,172.0,232.0,110.0,163.0,68.8,128.9,1.349,70.14,2.109,41.0,153,,,
2022-02-23,2022-02-23T21:30:15,i171666459,Night Virtual Ride,VirtualRide,True,29.93,40.41,2653,2665,296.0,223.0,232.0,170.0,187.0,86.1,128.9,1.04,6.42,1.365,122.0,581,,,
2022-02-19,2022-02-19T15:32:01,i171667614,사이클링,Ride,False,32.39,24.63,4632,7599,97.0,155.0,203.0,155.0,188.0,68.8,112.8,1.31,-1.38,1.31,164.0,743,,,
2022-02-13,2022-02-13T09:33:46,i171668671,사이클링,Ride,False,72.74,25.06,10382,22272,601.0,,,,,77.6,,,,,0.0,,,,
2022-02-10,2022-02-10T20:52:59,i171662241,사이클링,Ride,False,41.97,26.44,5756,7072,133.0,,,155.0,181.0,76.6,83.5,,,,112.0,1409,,,
2022-02-04,2022-02-04T00:18:52,i171667297,Early morning Virtual Ride,VirtualRide,True,38.03,32.19,3667,4251,113.0,199.0,221.0,153.0,177.0,81.4,122.8,1.111,-1.8,1.444,154.0,700,,,
2022-01-28,2022-01-28T23:00:33,i171668364,Night Virtual Ride,VirtualRide,True,35.33,26.0,3935,4890,276.0,191.0,212.0,158.0,178.0,82.3,117.8,1.11,-9.55,1.342,152.0,765,,,
2022-01-26,2022-01-26T23:05:57,i171661508,Night Virtual Ride,VirtualRide,True,37.12,32.9,3620,4060,57.0,203.0,224.0,157.0,178.0,77.5,124.4,1.103,9.09,1.427,156.0,701,,,
2022-01-25,2022-01-25T23:22:26,i171666945,Night Virtual Ride,VirtualRide,True,39.45,35.61,3984,3986,58.0,179.0,182.0,147.0,156.0,76.4,101.1,1.017,0.33,1.238,113.0,681,,,
2022-01-24,2022-01-24T20:46:57,i171668037,기타,Ride,False,68.28,27.35,9031,12091,341.0,181.0,212.0,158.0,188.0,72.3,117.8,1.171,9.64,1.342,348.0,1626,,,
2022-01-18,2022-01-18T23:09:36,i171660731,Night Virtual Ride,VirtualRide,True,40.15,35.88,4025,4027,60.0,181.0,183.0,140.0,150.0,87.1,101.7,1.011,-3.09,1.307,116.0,696,,,
2022-01-13,2022-01-13T23:54:35,i171666588,Night Virtual Ride,VirtualRide,True,35.14,30.96,3485,4084,53.0,193.0,218.0,150.0,182.0,80.2,121.1,1.13,7.92,1.453,142.0,655,,,
2022-01-12,2022-01-12T23:44:15,i171667712,Night Virtual Ride,VirtualRide,True,11.1,14.16,1484,2819,19.0,115.0,141.0,132.0,158.0,75.6,78.3,1.226,-12.47,1.068,25.0,170,,,
2022-01-12,2022-01-12T23:16:08,i171668759,Night Virtual Ride,VirtualRide,True,11.85,36.06,1170,1181,20.0,165.0,176.0,156.0,188.0,94.0,97.8,1.067,-17.18,1.128,31.0,229,,,
2022-01-11,2022-01-11T23:58:26,i171662326,Night Virtual Ride,VirtualRide,True,37.13,33.28,3612,4014,57.0,200.0,218.0,152.0,174.0,84.3,121.1,1.09,-9.04,1.434,147.0,691,,,
2022-01-10,2022-01-10T23:39:26,i171667391,Night Virtual Ride,VirtualRide,True,36.28,36.12,3613,3615,55.0,168.0,181.0,150.0,174.0,80.1,100.6,1.077,-13.52,1.207,101.0,660,,,
2022-01-05,2022-01-05T20:19:32,i171668446,사이클링,Ride,False,41.56,27.21,5495,6181,115.0,167.0,191.0,149.0,176.0,74.7,106.1,1.144,2.53,1.282,172.0,932,,,
2022-01-04,2022-01-04T23:27:27,i171661598,Night Virtual Ride,VirtualRide,True,36.3,29.79,3610,4385,56.0,189.0,201.0,142.0,164.0,82.6,111.7,1.063,2.3,1.415,125.0,654,,,
2021-12-31,2021-12-31T01:19:38,i171667038,Early morning Virtual Ride,VirtualRide,True,13.17,31.79,1490,1490,20.0,134.0,139.0,135.0,144.0,74.8,77.2,1.037,-2.93,1.03,25.0,190,,,
2021-12-30,2021-12-30T23:33:32,i171668140,Night Virtual Ride,VirtualRide,True,37.39,21.77,4126,6182,58.0,150.0,159.0,136.0,154.0,76.9,88.3,1.06,4.83,1.169,89.0,600,,,
2021-12-30,2021-12-30T22:28:06,i171661278,Night Virtual Ride,VirtualRide,True,38.68,36.35,3798,3829,58.0,194.0,215.0,150.0,170.0,82.5,119.4,1.108,6.15,1.433,151.0,711,,,
2021-12-29,2021-12-29T23:41:50,i171666708,Night Virtual Ride,VirtualRide,True,50.29,32.97,5105,5489,77.0,168.0,172.0,139.0,152.0,85.3,95.6,1.024,0.55,1.237,129.0,822,,,
2021-12-28,2021-12-28T23:24:24,i171667801,Night Virtual Ride,VirtualRide,True,32.55,36.69,3150,3192,51.0,201.0,225.0,142.0,168.0,84.4,125.0,1.119,6.28,1.585,137.0,604,,,
2021-12-26,2021-12-26T16:29:57,i171668833,Afternoon Virtual Ride,VirtualRide,True,50.39,22.54,7700,8045,513.0,162.0,183.0,136.0,175.0,74.6,101.7,1.13,-3.47,1.346,221.0,1199,,,
2021-12-22,2021-12-22T20:08:10,i171662389,사이클링,Ride,False,50.39,27.27,6701,8932,172.0,170.0,199.0,149.0,179.0,74.6,110.6,1.171,-0.48,1.336,228.0,1134,,,
2021-12-20,2021-12-20T21:45:09,i171667479,Night Virtual Ride,VirtualRide,True,55.2,35.51,5593,5595,83.0,171.0,180.0,141.0,178.0,81.6,100.0,1.053,-2.22,1.277,155.0,917,,,
2021-12-15,2021-12-15T20:27:17,i171668520,사이클링,Ride,False,51.03,25.41,7198,8755,145.0,150.0,170.0,135.0,160.0,77.2,94.4,1.133,-2.19,1.259,178.0,1083,,,
2021-12-13,2021-12-13T22:38:40,i171661702,Night Virtual Ride,VirtualRide,True,40.27,36.63,3953,3956,62.0,174.0,176.0,134.0,171.0,78.1,97.8,1.011,-0.93,1.313,105.0,656,,,
2021-12-12,2021-12-12T14:57:22,i171667138,사이클링,Ride,False,7.17,21.01,1219,3373,79.0,139.0,182.0,144.0,168.0,62.5,101.1,1.309,-64.83,1.264,35.0,169,,,
2021-12-12,2021-12-12T09:30:02,i171668229,사이클링,Ride,False,66.14,24.58,9688,19619,742.0,163.0,215.0,150.0,180.0,74.4,119.4,1.319,-14.25,1.433,384.0,1623,,,
2021-12-09,2021-12-09T22:06:57,i171666798,사이클링,Ride,False,8.76,24.17,1331,1455,67.0,153.0,205.0,159.0,181.0,64.9,113.9,1.34,23.22,1.289,48.0,209,,,
2021-12-09,2021-12-09T19:44:21,i171661402,사이클링,Ride,False,32.89,31.51,3762,8464,67.0,198.0,227.0,162.0,183.0,81.1,126.1,1.146,-2.24,1.401,166.0,750,,,
2021-12-07,2021-12-07T20:03:53,i171667893,사이클링,Ride,False,47.79,25.05,6890,9784,374.0,166.0,202.0,146.0,172.0,73.9,112.2,1.217,8.38,1.384,241.0,1141,,,
2021-12-06,2021-12-06T20:14:07,i171660239,사이클링,Ride,False,67.79,29.53,8290,14584,224.0,191.0,216.0,156.0,182.0,77.7,120.0,1.131,-6.95,1.385,332.0,1586,,,
2021-12-02,2021-12-02T23:51:49,i171666403,Night Virtual Ride,VirtualRide,True,35.18,34.56,3634,3663,53.0,164.0,180.0,140.0,179.0,81.8,100.0,1.098,7.3,1.286,101.0,591,,,
2021-11-30,2021-11-30T23:29:45,i171667578,Night Virtual Ride,VirtualRide,True,15.59,30.92,1806,1813,169.0,145.0,158.0,137.0,160.0,76.3,87.8,1.09,-13.39,1.153,39.0,250,,,
2021-11-30,2021-11-30T22:31:58,i171668617,Night Virtual Ride,VirtualRide,True,12.7,14.93,3057,3060,648.0,184.0,206.0,149.0,171.0,88.6,114.4,1.12,10.16,1.383,111.0,537,,,
2021-11-29,2021-11-29T21:39:40,i171662207,사이클링,Ride,False,8.63,23.12,1335,1500,74.0,141.0,205.0,146.0,181.0,69.3,113.9,1.454,-14.69,1.404,48.0,188,,,
2021-11-29,2021-11-29T19:46:00,i171667240,사이클링,Ride,False,32.76,31.0,3829,6059,70.0,195.0,224.0,165.0,182.0,75.3,124.4,1.149,-3.09,1.358,165.0,772,,,
2021-11-26,2021-11-26T00:58:26,i171668320,Early morning Virtual Ride,VirtualRide,True,37.59,34.56,3911,3914,186.0,176.0,178.0,136.0,146.0,80.8,98.9,1.011,-1.61,1.309,106.0,658,,,
2021-11-23,2021-11-23T22:07:41,i171666527,Night Virtual Ride,VirtualRide,True,31.67,30.69,3712,3714,370.0,190.0,210.0,148.0,175.0,84.4,116.7,1.105,-4.13,1.419,140.0,696,,,
2021-11-23,2021-11-23T00:01:06,i171667669,Early morning Virtual Ride,VirtualRide,True,32.56,32.22,3635,3637,404.0,165.0,176.0,148.0,176.0,85.7,97.8,1.067,-11.09,1.189,97.0,650,,,
2021-11-18,2021-11-18T23:47:08,i171668716,Night Virtual Ride,VirtualRide,True,32.92,32.67,3624,3626,405.0,190.0,202.0,146.0,167.0,87.3,112.2,1.063,4.68,1.384,127.0,656,,,
2021-11-14,2021-11-14T09:24:20,i171662297,사이클링,Ride,False,52.34,23.24,8078,18114,427.0,138.0,191.0,143.0,180.0,68.2,106.1,1.384,15.79,1.336,253.0,1142,,,
2021-11-11,2021-11-11T21:21:56,i171667359,사이클링,Ride,False,9.75,24.91,1399,1554,81.0,164.0,213.0,150.0,176.0,72.9,118.3,1.299,0.3,1.42,54.0,230,,,
2021-11-11,2021-11-11T19:40:59,i171668404,사이클링,Ride,False,31.01,33.2,3345,4455,25.0,185.0,220.0,159.0,182.0,83.6,122.2,1.189,4.09,1.384,139.0,626,,,
2021-11-07,2021-11-07T09:31:38,i171661555,사이클링,Ride,False,70.93,26.16,9665,21699,386.0,138.0,188.0,143.0,181.0,72.3,104.4,1.362,6.6,1.315,293.0,1386,,,
2021-11-06,2021-11-06T15:48:20,i171666995,사이클링,Ride,False,51.55,24.93,7470,9702,361.0,148.0,205.0,151.0,184.0,69.3,113.9,1.385,-12.54,1.358,269.0,1127,,,
2021-11-04,2021-11-04T22:19:34,i171668100,Night Virtual Ride,VirtualRide,True,31.49,15.5,5633,7309,1060.0,177.0,180.0,140.0,155.0,77.1,100.0,1.017,-0.52,1.286,156.0,955,,,
2021-11-03,2021-11-03T00:14:30,i171660334,지하철 빨리 끊기네😇,Ride,False,11.56,17.13,2518,2783,145.0,,,,,,,,,,0.0,,,,
2021-10-31,2021-10-31T08:02:13,i171661252,사이클링,Ride,False,100.93,25.78,14131,27873,281.0,128.0,171.0,138.0,176.0,71.0,95.0,1.336,-0.33,1.239,354.0,1821,,,
2021-10-30,2021-10-30T10:59:31,i171666658,사이클링,Ride,False,115.13,26.54,15615,20110,1630.0,165.0,194.0,152.0,182.0,74.6,107.8,1.176,-1.01,1.276,504.0,2572,,,
2021-10-29,2021-10-29T19:58:27,i171667763,사이클링,Ride,False,29.56,22.47,4708,7114,384.0,151.0,213.0,151.0,178.0,66.8,118.3,1.411,20.36,1.411,183.0,718,,,
2021-10-28,2021-10-28T20:56:04,i171668789,Night Virtual Ride,VirtualRide,True,28.69,19.05,5418,5418,1061.0,178.0,186.0,143.0,171.0,82.5,103.3,1.045,-9.21,1.301,161.0,924,,,
2021-10-26,2021-10-26T21:43:49,i171662363,사이클링,Ride,False,8.64,19.95,1537,1823,67.0,108.0,187.0,138.0,178.0,55.3,103.9,1.731,-19.27,1.355,46.0,167,,,
2021-10-26,2021-10-26T20:00:23,i171667433,사이클링,Ride,False,31.97,30.12,3828,5581,59.0,185.0,221.0,159.0,184.0,75.6,122.8,1.195,11.89,1.39,160.0,709,,,
2021-10-23,2021-10-23T10:22:19,i171668485,사이클링,Ride,False,105.03,25.26,14891,19931,1561.0,154.0,183.0,150.0,176.0,72.4,101.7,1.188,11.42,1.22,428.0,2314,,,
2021-10-21,2021-10-21T20:00:40,i171661651,사이클링,Ride,False,56.76,28.77,7150,11017,78.0,153.0,195.0,149.0,187.0,71.2,108.3,1.275,5.71,1.309,233.0,1092,,,
2021-10-19,2021-10-19T21:12:06,i171667091,사이클링,Ride,False,12.89,18.6,2505,3560,420.0,154.0,215.0,146.0,177.0,65.4,119.4,1.396,1.85,1.473,99.0,386,,,
2021-10-17,2021-10-17T14:00:43,i171668198,사이클링,Ride,False,62.4,29.45,7658,14715,98.0,166.0,196.0,153.0,173.0,74.0,108.9,1.181,-5.55,1.281,252.0,1257,,,
2021-10-16,2021-10-16T07:05:58,i171642360,사이클링,Ride,False,17.15,15.17,4155,5137,33.0,,,114.0,169.0,53.2,49.3,,,,29.0,614,,,
2021-10-15,2021-10-15T19:07:52,i171661355,사이클링,Ride,False,49.8,24.98,7196,13351,384.0,148.0,190.0,146.0,172.0,72.5,105.6,1.284,8.11,1.301,223.0,1071,,,
2021-10-13,2021-10-13T19:28:59,i171666764,사이클링,Ride,False,50.12,26.24,6837,11298,363.0,153.0,200.0,149.0,181.0,76.1,111.1,1.307,-15.5,1.342,234.0,1057,,,
2021-10-12,2021-10-12T19:36:28,i171667856,사이클링,Ride,False,50.93,26.52,6980,10855,371.0,161.0,210.0,151.0,178.0,75.6,116.7,1.304,12.6,1.391,264.0,1142,,,
2021-10-07,2021-10-07T19:15:04,i171668892,사이클링,Ride,False,52.06,25.2,7341,10131,368.0,133.0,186.0,142.0,178.0,68.5,103.3,1.398,-3.19,1.31,218.0,993,,,
2021-10-06,2021-10-06T20:55:36,i171666319,사이클링,Ride,False,42.14,27.62,5497,7665,142.0,157.0,205.0,150.0,182.0,69.7,113.9,1.306,12.63,1.367,198.0,876,,,
2021-10-02,2021-10-02T07:15:18,i171667537,사이클링,Ride,False,141.36,28.62,17782,32346,979.0,156.0,193.0,151.0,180.0,74.6,107.2,1.237,18.87,1.278,568.0,2799,,,
2021-09-30,2021-09-30T19:44:28,i171668573,사이클링,Ride,False,32.77,21.63,5380,10456,329.0,114.0,188.0,140.0,183.0,64.1,104.4,1.649,23.76,1.343,163.0,656,,,
2021-09-27,2021-09-27T18:07:13,i171661752,사이클링,Ride,False,40.97,27.62,5330,7681,79.0,159.0,191.0,145.0,177.0,74.0,106.1,1.201,-19.74,1.317,167.0,864,,,
2021-09-26,2021-09-26T13:35:12,i171667209,사이클링,Ride,False,73.44,27.48,9589,20166,124.0,149.0,195.0,151.0,181.0,69.3,108.3,1.309,-9.14,1.291,313.0,1447,,,
2021-09-23,2021-09-23T19:39:41,i171668264,사이클링,Ride,False,31.14,22.32,5001,7248,360.0,139.0,206.0,143.0,181.0,69.4,114.4,1.482,19.32,1.441,182.0,705,,,
2021-09-20,2021-09-20T09:19:34,i171661442,사이클링,Ride,False,90.3,27.69,11781,14642,191.0,136.0,165.0,138.0,173.0,71.5,91.7,1.213,-7.15,1.196,275.0,1608,,,
2021-09-19,2021-09-19T08:40:30,i171666865,사이클링,Ride,False,72.52,24.22,10783,12750,528.0,124.0,166.0,130.0,167.0,68.4,92.2,1.339,-12.13,1.277,255.0,1344,,,
2021-09-18,2021-09-18T07:37:01,i171667945,사이클링,Ride,False,196.33,23.77,29794,42321,991.0,111.0,140.0,126.0,160.0,70.0,77.8,1.261,-4.13,1.111,501.0,3354,,,
2021-09-17,2021-09-17T08:06:18,i171660356,사이클링,Ride,False,191.28,25.5,26914,38604,747.0,134.0,158.0,139.0,173.0,70.7,87.8,1.179,6.61,1.137,576.0,3650,,,
2021-09-15,2021-09-15T21:33:27,i171666483,사이클링,Ride,False,6.14,18.39,1192,1412,68.0,105.0,163.0,137.0,162.0,62.9,90.6,1.552,-21.51,1.19,27.0,128,,,
2021-09-15,2021-09-15T18:52:31,i171667629,사이클링,Ride,False,54.25,30.41,6397,9620,65.0,154.0,186.0,150.0,174.0,76.9,103.3,1.208,-3.22,1.24,190.0,998,,,
2021-09-14,2021-09-14T18:46:08,i171668683,사이클링,Ride,False,86.61,28.15,11093,17616,165.0,156.0,180.0,145.0,175.0,74.6,100.0,1.154,-2.21,1.241,308.0,1735,,,
2021-09-09,2021-09-09T19:28:33,i171662257,사이클링,Ride,False,53.2,26.28,7270,12500,327.0,153.0,204.0,149.0,183.0,72.9,113.3,1.333,-17.16,1.369,259.0,1125,,,
2021-09-08,2021-09-08T22:49:44,i171667309,사이클링,Ride,False,8.96,23.96,1341,1437,68.0,144.0,190.0,141.0,177.0,67.0,105.6,1.319,-16.15,1.348,42.0,193,,,
2021-09-08,2021-09-08T20:27:25,i171668376,사이클링,Ride,False,51.7,31.83,5847,7647,51.0,178.0,204.0,152.0,178.0,74.0,113.3,1.146,-8.02,1.342,209.0,1035,,,
2021-09-05,2021-09-05T22:28:09,i171661526,사이클링,Ride,False,32.42,24.9,4679,6202,113.0,126.0,163.0,135.0,170.0,67.2,90.6,1.294,2.86,1.207,107.0,592,,,
2021-09-04,2021-09-04T16:57:22,i171666958,사이클링,Ride,False,29.39,24.52,4289,5124,109.0,111.0,154.0,141.0,174.0,64.3,85.6,1.387,13.53,1.092,87.0,479,,,
2021-09-04,2021-09-04T12:58:28,i171668058,사이클링,Ride,False,50.31,22.49,8032,13580,658.0,136.0,190.0,150.0,180.0,68.3,105.6,1.397,-2.47,1.267,249.0,1118,,,
2021-09-03,2021-09-03T19:05:09,i171660762,사이클링,Ride,False,52.32,26.17,7167,11591,382.0,148.0,202.0,154.0,183.0,69.0,112.2,1.365,-15.22,1.312,251.0,1106,,,
2021-09-03,2021-09-03T10:10:15,i171642350,사이클링,Ride,False,35.33,20.5,6210,8190,28.0,,,133.0,164.0,61.0,63.0,,,,69.0,1225,,,
2021-08-30,2021-08-30T18:53:19,i171666609,사이클링,Ride,False,61.07,27.71,7913,12295,96.0,135.0,159.0,143.0,181.0,75.1,88.3,1.178,5.27,1.112,172.0,1068,,,
2021-08-24,2021-08-24T23:16:33,i171667728,Night Virtual Ride,VirtualRide,True,36.2,31.49,3613,4137,54.0,169.0,170.0,138.0,147.0,83.5,94.4,1.006,-1.18,1.232,90.0,584,,,
2021-08-22,2021-08-22T23:18:00,i171668765,사이클링,Ride,False,30.08,30.6,3533,5264,40.0,172.0,200.0,147.0,174.0,75.2,111.1,1.163,-7.87,1.361,121.0,613,,,
2021-08-18,2021-08-18T19:25:34,i171662338,사이클링,Ride,False,50.0,27.5,6613,17296,379.0,161.0,210.0,150.0,183.0,74.5,116.7,1.304,-21.72,1.4,250.0,1071,,,
2021-08-14,2021-08-14T20:42:51,i171667404,사이클링,Ride,False,60.6,29.55,7392,9745,68.0,155.0,191.0,147.0,174.0,71.8,106.1,1.232,-6.94,1.299,231.0,1154,,,
2021-08-13,2021-08-13T19:18:23,i171668452,Evening Virtual Ride,VirtualRide,True,36.16,35.51,3663,3665,54.0,179.0,179.0,153.0,165.0,84.3,99.4,1.0,-2.39,1.17,101.0,624,,,
2021-08-11,2021-08-11T19:22:59,i171661610,사이클링,Ride,False,60.01,31.02,6963,10419,79.0,172.0,202.0,157.0,179.0,74.8,112.2,1.174,-4.11,1.287,244.0,1192,,,
2021-08-10,2021-08-10T21:12:28,i171667056,사이클링,Ride,False,44.2,27.3,5783,7573,95.0,139.0,176.0,141.0,179.0,71.4,97.8,1.266,5.2,1.248,154.0,808,,,
2021-08-09,2021-08-09T20:56:21,i171668154,사이클링,Ride,False,57.18,27.98,7365,9385,277.0,156.0,180.0,153.0,185.0,78.7,100.0,1.154,-3.23,1.176,205.0,1237,,,
2021-08-07,2021-08-07T07:26:11,i171661306,사이클링,Ride,False,60.46,21.01,10250,16765,35.0,67.0,124.0,114.0,177.0,61.0,68.9,1.851,8.31,1.088,135.0,701,,,
2021-08-07,2021-08-07T07:18:36,i171642340,기타,Ride,False,61.54,20.16,10919,17257,77.0,,,152.0,186.0,64.8,82.1,,,,208.0,2702,,,
2021-08-06,2021-08-06T19:34:23,i171666728,사이클링,Ride,False,52.31,30.51,6192,10865,57.0,171.0,207.0,158.0,178.0,77.3,115.0,1.211,0.59,1.31,227.0,1063,,,
2021-08-03,2021-08-03T19:57:42,i171667820,사이클링,Ride,False,62.2,32.13,7010,11829,68.0,172.0,206.0,161.0,182.0,79.9,114.4,1.198,8.03,1.28,255.0,1205,,,
2021-07-31,2021-07-31T07:13:05,i171668856,사이클링,Ride,False,102.34,31.28,11809,19843,691.0,156.0,195.0,161.0,184.0,79.2,108.3,1.25,15.43,1.211,385.0,1841,,,
2021-07-29,2021-07-29T19:57:56,i171662411,사이클링,Ride,False,54.02,28.04,6906,12291,105.0,146.0,190.0,152.0,179.0,71.6,105.6,1.301,-6.03,1.25,214.0,1010,,,
2021-07-25,2021-07-25T22:13:01,i171667497,사이클링,Ride,False,50.11,26.1,6908,9505,325.0,142.0,181.0,145.0,176.0,76.2,100.6,1.275,-8.3,1.248,194.0,979,,,
2021-07-24,2021-07-24T07:32:18,i171668535,사이클링,Ride,False,60.1,23.48,9254,15691,544.0,129.0,179.0,145.0,180.0,74.1,99.4,1.388,14.55,1.234,254.0,1200,,,
2021-07-21,2021-07-21T18:29:03,i171661712,Evening Virtual Ride,VirtualRide,True,30.64,24.57,3624,4489,236.0,147.0,170.0,137.0,175.0,79.6,94.4,1.156,19.57,1.241,90.0,538,,,
2021-07-18,2021-07-18T07:12:31,i171667166,사이클링,Ride,False,95.0,28.15,12118,21274,737.0,143.0,176.0,145.0,173.0,75.5,97.8,1.231,13.84,1.214,322.0,1726,,,
2021-07-18,2021-07-18T06:17:54,i171642333,사이클링,Ride,False,37.05,21.43,6172,7917,45.0,,,136.0,170.0,66.9,67.0,,,,78.0,1071,,,
2021-07-17,2021-07-17T10:25:45,i171668248,사이클링,Ride,False,96.06,27.08,12766,22743,133.0,127.0,154.0,147.0,178.0,70.6,85.6,1.213,9.53,1.048,260.0,1616,,,
2021-07-14,2021-07-14T20:29:05,i171661396,사이클링,Ride,False,33.71,19.23,6309,6378,1025.0,150.0,194.0,151.0,178.0,67.4,107.8,1.293,6.64,1.285,204.0,940,,,
2021-07-13,2021-07-13T19:57:37,i171666821,사이클링,Ride,False,61.46,28.2,7886,11593,58.0,135.0,162.0,143.0,173.0,73.2,90.0,1.2,1.25,1.133,177.0,1058,,,
2021-07-12,2021-07-12T20:29:50,i171667679,사이클링,Ride,False,52.68,28.41,6726,11387,296.0,166.0,200.0,157.0,182.0,75.1,111.1,1.205,-9.99,1.274,231.0,1116,,,
2021-07-10,2021-07-10T22:01:20,i171668730,사이클링,Ride,False,49.99,27.97,6412,7699,90.0,140.0,173.0,143.0,172.0,71.1,96.1,1.236,1.41,1.21,165.0,890,,,
2021-07-06,2021-07-06T16:38:10,i171662306,사이클링,Ride,False,54.74,18.84,10533,20335,775.0,96.0,159.0,126.0,172.0,62.7,88.3,1.656,-2.23,1.262,228.0,1034,,,
2021-07-05,2021-07-05T19:39:23,i171667377,사이클링,Ride,False,83.09,28.97,10357,15930,395.0,144.0,181.0,154.0,185.0,73.7,100.6,1.257,-7.3,1.175,291.0,1543,,,
2021-07-03,2021-07-03T07:39:42,i171668413,사이클링,Ride,False,60.06,21.66,9937,19483,645.0,118.0,181.0,143.0,182.0,64.2,100.6,1.534,5.78,1.266,279.0,1189,,,
2021-07-01,2021-07-01T19:57:34,i171661563,사이클링,Ride,False,30.01,23.49,4608,9678,329.0,136.0,211.0,152.0,185.0,64.4,117.2,1.551,21.28,1.388,176.0,634,,,
2021-06-29,2021-06-29T23:46:00,i171667005,Night Virtual Ride,VirtualRide,True,33.27,32.27,3620,3709,52.0,159.0,181.0,142.0,168.0,85.5,100.6,1.138,-21.76,1.275,102.0,557,,,
2021-06-28,2021-06-28T22:27:11,i171668111,Night Virtual Ride,VirtualRide,True,36.2,28.3,4401,4602,288.0,132.0,147.0,129.0,148.0,78.2,81.7,1.114,8.03,1.14,82.0,568,,,
2021-06-27,2021-06-27T18:24:55,i171661330,사이클링,Ride,False,10.1,21.16,1659,8656,31.0,98.0,189.0,135.0,176.0,60.7,105.0,1.929,27.24,1.4,51.0,173,,,
2021-06-27,2021-06-27T07:24:57,i171642332,사이클링,Ride,False,36.94,21.71,6041,8319,48.0,,,129.0,165.0,67.3,61.5,,,,65.0,942,,,
2021-06-25,2021-06-25T20:11:42,i171666673,사이클링,Ride,False,50.99,25.03,7290,14445,380.0,141.0,199.0,153.0,180.0,69.5,110.6,1.411,28.84,1.301,248.0,1046,,,
2021-06-22,2021-06-22T19:51:29,i171667770,사이클링,Ride,False,27.19,30.28,3151,3985,18.0,185.0,201.0,156.0,172.0,81.4,111.7,1.086,4.16,1.288,109.0,592,,,
2021-06-20,2021-06-20T16:11:01,i171668800,사이클링,Ride,False,32.28,28.37,4114,6938,29.0,147.0,169.0,149.0,175.0,77.6,93.9,1.15,7.56,1.134,101.0,603,,,
2021-06-19,2021-06-19T09:19:32,i171662370,사이클링,Ride,False,82.61,24.08,12227,42796,206.0,98.0,142.0,133.0,183.0,65.2,78.9,1.449,7.9,1.068,211.0,1208,,,
2021-06-19,2021-06-19T09:16:32,i171666554,사이클링,Ride,False,85.18,22.37,13770,43365,210.0,,,150.0,182.0,78.1,79.2,,,,243.0,2339,,,
2021-06-16,2021-06-16T20:08:45,i171667443,사이클링,Ride,False,58.53,24.39,8534,12901,542.0,141.0,187.0,151.0,182.0,73.6,103.9,1.326,7.04,1.238,256.0,1230,,,
2021-06-15,2021-06-15T19:29:30,i171668490,사이클링,Ride,False,21.4,31.17,2499,3433,13.0,167.0,193.0,156.0,176.0,77.9,107.2,1.156,3.93,1.237,80.0,419,,,
2021-06-13,2021-06-13T18:19:55,i171666439,따릉이,Ride,False,6.89,10.84,2391,5388,34.0,,,,,,,,,,0.0,,,,
2021-06-13,2021-06-13T07:59:57,i171642326,사이클링,Ride,False,57.57,22.39,9259,11521,50.0,,,133.0,175.0,65.2,64.9,,,,109.0,1518,,,
2021-06-10,2021-06-10T23:49:22,i171661656,Night Virtual Ride,VirtualRide,True,30.37,33.09,3196,3303,46.0,168.0,175.0,143.0,155.0,76.1,97.2,1.042,-1.83,1.224,84.0,514,,,
2021-06-09,2021-06-09T23:54:12,i171667093,Night Virtual Ride,VirtualRide,True,34.72,32.79,3691,3810,153.0,160.0,172.0,146.0,166.0,83.3,95.6,1.075,-9.24,1.178,94.0,571,,,
2021-06-08,2021-06-08T20:41:11,i171668207,사이클링,Ride,False,13.75,17.29,2871,5879,427.0,,,151.0,181.0,71.5,81.0,,,,53.0,680,,,
2021-06-08,2021-06-08T20:10:42,i171642317,사이클링,Ride,False,32.99,22.36,5334,6283,19.0,,,133.0,182.0,67.9,66.5,,,,66.0,877,,,
2021-06-07,2021-06-07T22:07:43,i171661378,Night Virtual Ride,VirtualRide,True,18.05,13.61,4488,4773,1059.0,192.0,200.0,146.0,160.0,81.5,111.1,1.042,4.9,1.37,154.0,823,,,
2021-06-06,2021-06-06T17:29:34,i171642307,사이클링,Ride,False,35.7,21.3,6064,7434,48.0,,,137.0,178.0,67.0,68.3,,,,79.0,1045,,,
2021-06-05,2021-06-05T17:31:58,i171667606,자없찐,Ride,False,10.94,16.86,2445,2964,34.0,,,,,,,,,,0.0,,,,
2021-06-04,2021-06-04T18:24:16,i171668660,따릉이퇴근,Ride,False,6.3,14.24,1770,1897,101.0,,,,,,,,,,0.0,,,,
2021-06-01,2021-06-01T20:01:50,i171642298,사이클링,Ride,False,28.67,20.06,5148,6712,40.0,,,130.0,178.0,66.1,61.7,,,,55.0,804,,,
2021-06-01,2021-06-01T19:15:10,i171662235,따릉이 퇴근,Ride,False,5.9,14.31,1551,1815,98.0,,,,,,,,,,0.0,,,,
2021-05-30,2021-05-30T08:00:54,i171666771,사이클링,Ride,False,133.49,25.71,18598,25691,1985.0,129.0,170.0,154.0,185.0,72.3,94.4,1.318,20.33,1.104,461.0,2607,,,
2021-05-27,2021-05-27T19:49:36,i171667864,사이클링,Ride,False,58.58,29.13,7234,10199,142.0,170.0,206.0,161.0,185.0,77.4,114.4,1.212,-7.47,1.28,263.0,1228,,,
2021-05-23,2021-05-23T18:32:25,i171642295,사이클링,Ride,False,34.5,19.98,6198,9355,41.0,,,135.0,166.0,67.3,65.1,,,,74.0,1049,,,
2021-05-23,2021-05-23T14:22:30,i171660261,사이클링,Ride,False,90.81,23.25,14100,22435,100.0,95.0,134.0,129.0,176.0,68.2,74.4,1.411,5.1,1.039,217.0,1349,,,
2021-05-23,2021-05-23T14:22:09,i171660423,사이클링,Ride,False,90.81,22.43,14389,22702,122.0,,,150.0,175.0,81.3,77.8,,,,249.0,2466,,,
2021-05-23,2021-05-23T00:17:41,i171642289,사이클링,Ride,False,3.41,10.69,1045,1938,77.0,,,118.0,168.0,66.8,52.2,,,,9.0,143,,,
2021-05-19,2021-05-19T11:02:53,i171666330,사이클링,Ride,False,133.25,20.83,23063,35463,430.0,77.0,120.0,117.0,174.0,59.7,66.7,1.558,7.92,1.026,285.0,1772,,,
2021-05-19,2021-05-19T08:57:05,i171642285,사이클링,Ride,False,31.44,19.35,5781,9621,84.0,,,131.0,162.0,59.2,60.1,,,,59.0,928,,,
2021-05-18,2021-05-18T19:32:18,i171667544,사이클링,Ride,False,13.28,17.99,2601,3646,40.0,67.0,110.0,105.0,139.0,56.3,61.1,1.642,-7.28,1.048,27.0,179,,,
2021-05-14,2021-05-14T19:26:43,i171668579,사이클링,Ride,False,58.07,24.27,8651,12738,370.0,117.0,169.0,141.0,181.0,67.8,93.9,1.444,-15.38,1.199,212.0,1030,,,
2021-05-13,2021-05-13T15:33:29,i171661769,사이클링,Ride,False,51.77,23.01,8063,13954,380.0,122.0,174.0,150.0,183.0,65.0,96.7,1.426,8.58,1.16,209.0,1027,,,
2021-05-11,2021-05-11T19:53:19,i171667212,사이클링,Ride,False,41.41,25.43,5905,10410,124.0,123.0,188.0,145.0,186.0,66.9,104.4,1.528,-49.93,1.297,179.0,725,,,
2021-05-05,2021-05-05T14:23:45,i171668280,사이클링,Ride,False,65.13,20.17,11496,20723,134.0,82.0,125.0,118.0,167.0,60.1,69.4,1.524,9.23,1.059,154.0,959,,,
2021-05-05,2021-05-05T14:21:26,i171668001,사이클링,Ride,False,64.18,19.36,12135,20876,186.0,,,138.0,174.0,71.4,67.8,,,,158.0,1770,,,
2021-05-03,2021-05-03T20:38:08,i171661448,사이클링,Ride,False,49.54,25.69,6893,8629,361.0,164.0,212.0,153.0,182.0,72.6,117.8,1.293,-9.18,1.386,266.0,1151,,,
2021-05-02,2021-05-02T15:20:57,i171666884,사이클링,Ride,False,45.38,21.41,7549,15838,136.0,105.0,159.0,130.0,174.0,60.8,88.3,1.514,-9.88,1.223,164.0,785,,,
2021-05-02,2021-05-02T15:18:22,i171661485,사이클링,Ride,False,44.24,20.1,7930,15991,113.0,,,141.0,175.0,71.7,71.7,,,,115.0,1221,,,
2021-04-30,2021-04-30T19:08:34,i171667933,사이클링,Ride,False,9.22,22.91,1412,4143,53.0,156.0,214.0,,,68.9,118.9,1.372,,,55.0,224,,,
2021-04-27,2021-04-27T20:46:17,i171660379,사이클링,Ride,False,25.71,25.17,3685,6086,102.0,152.0,200.0,138.0,175.0,69.0,111.1,1.316,7.72,1.449,126.0,557,,,
2021-04-25,2021-04-25T12:23:38,i171666933,사이클링,Ride,False,32.04,19.35,5960,10468,415.0,,,144.0,173.0,71.4,72.4,,,,89.0,946,,,
2021-04-25,2021-04-25T12:23:28,i171666476,사이클링,Ride,False,31.93,19.39,5711,10475,406.0,93.0,157.0,118.0,163.0,63.7,87.2,1.688,-33.92,1.331,121.0,577,,,
2021-04-24,2021-04-24T08:30:12,i171667636,기타,Ride,False,113.11,26.09,15142,21204,1143.0,138.0,181.0,143.0,174.0,71.8,100.6,1.312,0.59,1.266,425.0,2193,,,
2021-04-23,2021-04-23T20:51:22,i171668692,사이클링,Ride,False,30.28,20.53,5338,6280,391.0,130.0,190.0,140.0,173.0,66.8,105.6,1.462,7.0,1.357,165.0,696,,,
2021-04-22,2021-04-22T19:58:23,i171662264,사이클링,Ride,False,41.58,25.08,5545,7872,122.0,136.0,198.0,144.0,179.0,70.9,110.0,1.456,-28.32,1.375,186.0,855,,,
2021-04-21,2021-04-21T19:51:41,i171667337,사이클링,Ride,False,41.95,25.72,5851,9230,127.0,143.0,193.0,149.0,183.0,69.5,107.2,1.35,12.64,1.295,187.0,864,,,
2021-04-20,2021-04-20T17:16:01,i171668379,사이클링,Ride,False,9.16,23.37,1396,7509,40.0,161.0,233.0,146.0,172.0,64.2,129.4,1.447,-83.76,1.596,65.0,230,,,
2021-04-19,2021-04-19T19:27:31,i171661535,사이클링,Ride,False,9.31,23.57,1338,10953,46.0,146.0,204.0,148.0,173.0,69.5,113.3,1.397,-15.06,1.378,48.0,213,,,
2021-04-18,2021-04-18T09:19:12,i171666964,사이클링,Ride,False,92.13,27.72,11951,19179,129.0,155.0,195.0,151.0,180.0,75.6,108.3,1.258,10.84,1.291,390.0,1868,,,
2021-04-15,2021-04-15T18:38:14,i171668064,사이클링,Ride,False,9.46,23.42,1379,8873,66.0,159.0,214.0,147.0,174.0,66.7,118.9,1.346,-137.0,1.456,54.0,233,,,
2021-04-14,2021-04-14T15:16:27,i171667065,사이클링,Ride,False,52.73,26.54,7181,10647,151.0,152.0,187.0,152.0,180.0,72.8,103.9,1.23,2.62,1.23,215.0,1094,,,
2021-04-13,2021-04-13T23:44:36,i171668161,Night Virtual Ride,VirtualRide,True,34.93,31.58,3979,3981,302.0,175.0,180.0,151.0,161.0,83.3,100.0,1.029,-0.89,1.192,111.0,665,,,
2021-04-12,2021-04-12T23:29:47,i171660742,Night Virtual Ride,VirtualRide,True,46.33,32.26,5168,5170,351.0,181.0,197.0,160.0,174.0,86.9,109.4,1.088,5.63,1.231,172.0,892,,,
2021-04-08,2021-04-08T21:56:18,i171661334,사이클링,Ride,False,35.65,25.69,5002,7499,115.0,155.0,193.0,147.0,175.0,72.2,107.2,1.245,14.21,1.313,160.0,776,,,
2021-04-08,2021-04-08T00:06:23,i171666743,Early morning Virtual Ride,VirtualRide,True,12.9,14.23,3240,3260,655.0,172.0,178.0,141.0,152.0,84.5,98.9,1.035,2.6,1.262,88.0,534,,,
2021-04-05,2021-04-05T20:35:46,i171667827,사이클링,Ride,False,30.08,21.03,5136,7703,116.0,92.0,148.0,125.0,173.0,61.2,82.2,1.609,-28.56,1.184,96.0,489,,,
2021-04-04,2021-04-04T14:32:18,i171668862,사이클링,Ride,False,77.43,26.16,10641,16640,346.0,151.0,191.0,156.0,186.0,72.9,106.1,1.265,9.03,1.224,333.0,1598,,,
2021-04-02,2021-04-02T22:58:47,i171667736,사이클링,Ride,False,35.98,19.07,6558,11333,110.0,,,,,74.4,,,,,0.0,,,,
2021-04-02,2021-04-02T22:55:24,i171666289,사이클링,Ride,False,37.0,19.56,6674,11245,126.0,84.0,122.0,116.0,163.0,65.1,67.8,1.452,-21.93,1.052,85.0,570,,,
2021-04-01,2021-04-01T21:33:20,i171667507,사이클링,Ride,False,31.0,22.97,4792,6716,368.0,162.0,217.0,158.0,183.0,70.2,120.6,1.34,25.43,1.373,193.0,791,,,
2021-03-30,2021-03-30T23:13:30,i171668539,사이클링,Ride,False,12.77,19.4,2309,2746,358.0,160.0,219.0,159.0,186.0,71.1,121.7,1.369,22.88,1.377,95.0,382,,,
2021-03-30,2021-03-30T22:16:45,i171661720,Night Virtual Ride,VirtualRide,True,6.26,13.22,726,1703,19.0,145.0,162.0,136.0,160.0,89.9,90.0,1.117,-29.43,1.191,16.0,102,,,
2021-03-29,2021-03-29T22:51:30,i171667174,Night Virtual Ride,VirtualRide,True,30.29,31.2,3430,3493,254.0,170.0,178.0,150.0,161.0,91.6,98.9,1.047,4.12,1.187,93.0,559,,,
2021-03-29,2021-03-29T00:04:59,i171668251,Early morning Virtual Ride,VirtualRide,True,35.36,27.36,4188,4650,335.0,150.0,164.0,141.0,161.0,89.8,91.1,1.093,-2.3,1.163,97.0,607,,,
2021-03-26,2021-03-26T21:17:18,i171661612,사이클링,Ride,False,49.01,19.92,9096,13796,410.0,,,,,67.5,,,,,0.0,,,,
2021-03-26,2021-03-26T21:16:37,i171661416,사이클링,Ride,False,50.86,19.8,9166,13838,396.0,97.0,151.0,125.0,169.0,64.6,83.9,1.557,-7.33,1.208,179.0,908,,,
2021-03-24,2021-03-24T22:55:15,i171666831,Night Virtual Ride,VirtualRide,True,31.43,34.74,3254,3256,47.0,167.0,173.0,152.0,165.0,86.7,96.1,1.036,4.95,1.138,83.0,520,,,
2021-03-21,2021-03-21T09:55:24,i171667913,기타,Ride,False,89.18,24.07,13228,26830,537.0,141.0,183.0,154.0,185.0,73.7,101.7,1.298,-6.44,1.188,380.0,1883,,,
2021-03-19,2021-03-19T21:00:53,i171660328,사이클링,Ride,False,52.43,18.56,10026,14726,356.0,78.0,133.0,127.0,178.0,62.2,73.9,1.705,-0.53,1.047,152.0,850,,,
2021-03-19,2021-03-19T20:57:18,i171668772,사이클링,Ride,False,52.47,18.25,10472,14842,349.0,,,,,67.5,,,,,0.0,,,,
2021-03-17,2021-03-17T16:56:09,i171666430,사이클링,Ride,False,9.94,22.38,1582,3493,87.0,148.0,217.0,154.0,185.0,71.1,120.6,1.466,-23.03,1.409,64.0,236,,,
2021-03-16,2021-03-16T21:05:41,i171662341,사이클링,Ride,False,22.09,20.45,3975,5997,53.0,,,,,78.1,,,,,0.0,,,,
2021-03-16,2021-03-16T21:05:22,i171667593,사이클링,Ride,False,20.2,19.6,2861,5335,95.0,117.0,162.0,127.0,170.0,65.4,90.0,1.385,-22.43,1.276,64.0,450,,,
2021-03-14,2021-03-14T13:34:25,i171668654,사이클링,Ride,False,25.88,20.2,4576,7548,60.0,80.0,104.0,121.0,153.0,66.0,57.8,1.3,4.18,0.86,42.0,310,,,
2021-03-14,2021-03-14T13:33:09,i171667407,Cycling,Ride,False,26.09,19.28,4864,7624,63.0,,,,,68.1,,,,,0.0,,,,
2021-03-13,2021-03-13T13:47:39,i171668456,Wahoo Workout,Ride,False,32.55,18.1,6653,10485,85.0,,,,,58.6,,,,,0.0,,,,
2021-03-13,2021-03-13T13:32:10,i171662226,사이클링,Ride,False,34.07,17.67,6807,11400,121.0,72.0,137.0,123.0,178.0,55.9,76.1,1.903,16.1,1.114,110.0,404,,,
2021-03-08,2021-03-08T18:46:46,i171667282,따릉이 타고 퇴근 하깅,Ride,False,5.37,9.58,2181,2682,81.0,,,,,,,,,,0.0,,,,
2021-03-06,2021-03-06T13:34:37,i171667270,사이클링,Ride,False,29.98,27.09,3973,5765,61.0,167.0,185.0,165.0,186.0,75.2,102.8,1.108,1.69,1.121,117.0,536,,,
2021-02-21,2021-02-21T11:03:54,i171668349,사이클링,Ride,False,75.21,19.6,13802,26663,243.0,81.0,126.0,131.0,183.0,58.9,70.0,1.556,-4.88,0.962,188.0,946,,,
2021-02-21,2021-02-21T11:03:23,i171642280,사이클링,Ride,False,75.95,19.09,14271,26685,315.0,,,,,70.5,,,,,0.0,,,,
2021-02-17,2021-02-17T22:17:11,i171661492,Night Virtual Ride,VirtualRide,True,20.13,31.56,2292,2295,215.0,174.0,178.0,171.0,184.0,92.0,98.9,1.023,0.68,1.041,62.0,382,,,
2021-01-30,2021-01-30T01:40:10,i171666938,Early morning Virtual Ride,VirtualRide,True,30.72,28.72,3847,3849,520.0,173.0,181.0,158.0,172.0,86.7,100.6,1.046,5.31,1.146,108.0,636,,,
2021-01-24,2021-01-24T14:14:44,i171668016,사이클링,Ride,False,81.71,26.09,11272,16714,45.0,147.0,173.0,158.0,186.0,69.7,96.1,1.177,13.24,1.095,289.0,1352,,,
2021-01-12,2021-01-12T23:42:51,i171660437,Night Virtual Ride,VirtualRide,True,33.15,34.77,3428,3431,163.0,172.0,178.0,152.0,165.0,91.5,98.9,1.035,6.19,1.171,93.0,563,,,
2021-01-05,2021-01-05T23:49:34,i171666574,Night Virtual Ride,VirtualRide,True,37.24,36.12,3708,3710,58.0,170.0,177.0,161.0,173.0,90.7,98.3,1.041,0.89,1.099,100.0,603,,,
2020-12-26,2020-12-26T14:50:14,i171667686,사이클링,Ride,False,63.35,29.67,7683,13637,55.0,178.0,196.0,159.0,178.0,72.9,108.9,1.101,-3.58,1.233,253.0,1128,,,
2020-12-23,2020-12-23T23:49:49,i171668738,Night Virtual Ride,VirtualRide,True,36.27,35.24,3641,3703,55.0,170.0,177.0,153.0,164.0,90.4,98.3,1.041,1.98,1.157,98.0,593,,,
2020-12-23,2020-12-23T00:01:27,i171662320,Early morning Virtual Ride,VirtualRide,True,28.38,29.32,2877,3483,44.0,145.0,161.0,157.0,178.0,76.1,89.4,1.11,4.59,1.025,64.0,535,,,
2020-12-21,2020-12-21T01:53:20,i171667372,Early morning Virtual Ride,VirtualRide,True,35.45,34.94,3649,3651,53.0,172.0,178.0,151.0,161.0,91.3,98.9,1.035,-0.36,1.179,99.0,600,,,
2020-12-20,2020-12-20T00:50:43,i171668420,Early morning Virtual Ride,VirtualRide,True,40.29,30.48,4247,4758,62.0,166.0,184.0,151.0,179.0,85.5,102.2,1.108,1.42,1.219,123.0,673,,,
2020-12-18,2020-12-18T00:07:39,i171661576,Early morning Virtual Ride,VirtualRide,True,35.16,33.94,3621,3727,53.0,175.0,186.0,159.0,176.0,87.5,103.3,1.063,6.0,1.17,107.0,605,,,
2020-12-15,2020-12-15T23:26:56,i171667012,Night Virtual Ride,VirtualRide,True,40.31,35.88,4041,4043,62.0,187.0,199.0,160.0,177.0,83.9,110.6,1.064,2.39,1.244,137.0,721,,,
2020-12-14,2020-12-14T19:26:11,i171668117,Evening Virtual Ride,VirtualRide,True,35.43,33.06,3633,3857,53.0,176.0,187.0,151.0,179.0,84.9,103.9,1.062,2.53,1.238,109.0,612,,,
2020-12-10,2020-12-10T13:37:56,i171661239,사이클링,Ride,False,72.63,28.99,9036,17978,49.0,176.0,196.0,162.0,181.0,74.6,108.9,1.114,-1.48,1.21,298.0,1292,,,
2020-12-07,2020-12-07T02:34:06,i171666691,Early morning Virtual Ride,VirtualRide,True,30.29,33.28,3272,3275,46.0,152.0,164.0,151.0,166.0,91.0,91.1,1.079,7.84,1.086,75.0,475,,,
2020-11-29,2020-11-29T14:38:20,i171667781,사이클링,Ride,False,63.27,27.15,8406,10822,36.0,164.0,187.0,159.0,186.0,71.7,103.9,1.14,10.04,1.176,252.0,1136,,,
2020-11-28,2020-11-28T22:31:38,i171668806,Night Virtual Ride,VirtualRide,True,40.23,29.79,4261,4860,62.0,162.0,178.0,159.0,185.0,84.4,98.9,1.099,-1.01,1.119,116.0,669,,,
2020-11-24,2020-11-24T21:08:58,i171661685,Night Virtual Ride,VirtualRide,True,65.67,27.18,7272,8694,97.0,143.0,161.0,148.0,184.0,79.9,89.4,1.126,-1.53,1.088,162.0,1007,,,
2020-11-21,2020-11-21T12:18:59,i171667105,사이클링,Ride,False,87.03,25.38,12421,23128,368.0,157.0,190.0,160.0,188.0,71.2,105.6,1.21,15.3,1.188,384.0,1593,,,
2020-11-12,2020-11-12T13:51:45,i171668217,사이클링,Ride,False,73.97,27.56,9709,19077,66.0,160.0,188.0,157.0,186.0,72.9,104.4,1.175,2.65,1.197,294.0,1242,,,
2020-11-09,2020-11-09T10:36:52,i171661364,사이클링,Ride,False,71.8,28.79,8975,24723,119.0,173.0,190.0,157.0,180.0,74.1,105.6,1.098,4.2,1.21,278.0,1264,,,
2020-11-07,2020-11-07T00:16:31,i171666776,Early morning Virtual Ride,VirtualRide,True,28.48,29.19,3133,3511,222.0,183.0,195.0,160.0,173.0,89.2,108.3,1.066,-3.76,1.219,102.0,548,,,
2020-10-29,2020-10-29T11:35:51,i171667871,사이클링,Ride,False,65.43,28.13,8418,12837,61.0,162.0,185.0,159.0,179.0,74.6,102.8,1.142,6.01,1.164,247.0,1092,,,
2020-10-25,2020-10-25T07:56:44,i171660227,사이클링,Ride,False,44.89,29.77,5465,7357,409.0,161.0,202.0,156.0,182.0,69.0,112.2,1.255,-0.24,1.295,191.0,744,,,
2020-10-22,2020-10-22T20:53:27,i171666340,사이클링,Ride,False,42.11,25.43,5925,9065,77.0,162.0,206.0,148.0,179.0,71.6,114.4,1.272,13.77,1.392,216.0,780,,,
2020-10-18,2020-10-18T08:49:53,i171667553,사이클링,Ride,False,87.08,28.51,11087,19199,311.0,166.0,207.0,159.0,185.0,75.2,115.0,1.247,-5.01,1.302,407.0,1436,,,
2020-10-15,2020-10-15T13:35:40,i171668588,사이클링,Ride,False,100.38,28.31,12777,22003,180.0,175.0,201.0,158.0,184.0,79.3,111.7,1.149,-2.81,1.272,443.0,1743,,,
2020-10-11,2020-10-11T19:05:44,i171662185,사이클링,Ride,False,62.06,25.33,8843,13815,34.0,134.0,156.0,142.0,174.0,74.6,86.7,1.164,-3.78,1.099,185.0,944,,,
2020-10-10,2020-10-10T18:34:08,i171667219,사이클링,Ride,False,87.24,26.65,11795,16674,353.0,175.0,203.0,162.0,188.0,75.2,112.8,1.16,10.47,1.253,417.0,1657,,,
2020-10-08,2020-10-08T11:36:46,i171668291,사이클링,Ride,False,76.36,26.65,10347,22211,353.0,164.0,203.0,162.0,188.0,75.9,112.8,1.238,-26.1,1.253,366.0,1425,,,
2020-09-27,2020-09-27T11:42:31,i171661456,오후 라이딩,Ride,False,79.57,19.64,13897,23287,84.0,68.0,97.0,111.0,152.0,60.8,53.9,1.426,-5.29,0.874,112.0,1047,,,
2020-09-26,2020-09-26T18:16:15,i171666876,사이클링,Ride,False,63.38,20.97,10904,21761,82.0,90.0,119.0,119.0,166.0,59.0,66.1,1.322,15.22,1.0,132.0,830,,,
2020-09-20,2020-09-20T17:42:30,i171667967,사이클링,Ride,False,76.21,25.34,10864,16336,681.0,168.0,206.0,155.0,185.0,75.9,114.4,1.226,2.39,1.329,395.0,1437,,,
2020-09-20,2020-09-20T11:42:22,i171642277,사이클링,Ride,False,12.0,19.81,2178,3499,69.0,,,143.0,179.0,68.7,70.9,,,,31.0,410,,,
2020-09-20,2020-09-20T11:00:13,i171642272,사이클링,Ride,False,12.26,22.93,1914,2420,3.0,,,136.0,171.0,74.0,66.6,,,,24.0,332,,,
2020-09-18,2020-09-18T23:53:53,i171660386,사이클링,Ride,False,35.2,20.2,6260,9854,24.0,81.0,116.0,111.0,162.0,61.8,64.4,1.432,-18.82,1.045,72.0,428,,,
2020-09-18,2020-09-18T23:15:33,i171666494,사이클링,Ride,False,11.93,33.75,1272,1305,6.0,239.0,242.0,169.0,180.0,89.8,134.4,1.013,-0.61,1.432,64.0,228,,,
2020-09-14,2020-09-14T09:39:42,i171667646,사이클링,Ride,False,130.19,30.27,15593,27972,274.0,192.0,206.0,158.0,182.0,79.6,114.4,1.073,5.03,1.304,567.0,2324,,,
2020-09-10,2020-09-10T14:26:08,i171668702,사이클링,Ride,False,90.33,26.47,12338,23038,379.0,150.0,187.0,147.0,176.0,75.0,103.9,1.247,16.59,1.272,370.0,1427,,,
2020-09-09,2020-09-09T16:06:39,i171662271,사이클링,Ride,False,46.25,31.35,5356,9035,40.0,185.0,194.0,158.0,177.0,78.6,107.8,1.049,8.41,1.228,173.0,760,,,
2020-09-09,2020-09-09T14:12:13,i171667320,사이클링,Ride,False,34.14,31.22,3968,6497,81.0,209.0,232.0,162.0,180.0,82.6,128.9,1.11,7.12,1.432,183.0,644,,,
2020-09-09,2020-09-09T00:37:01,i171668382,사이클링,VirtualRide,True,3.53,27.82,493,522,0.0,185.0,234.0,147.0,168.0,62.5,130.0,1.265,-55.83,1.592,23.0,74,,,
2020-09-06,2020-09-06T23:47:44,i171661544,Night Virtual Ride,VirtualRide,True,30.2,33.24,3268,3270,46.0,114.0,147.0,150.0,172.0,80.9,81.7,1.289,-60.19,0.98,61.0,509,,,
2020-09-04,2020-09-04T01:04:20,i171666972,Early morning Virtual Ride,VirtualRide,True,44.13,35.97,4274,4415,67.0,188.0,195.0,154.0,167.0,86.8,108.3,1.037,-3.47,1.266,139.0,768,,,
2020-09-01,2020-09-01T23:54:55,i171668072,Night Virtual Ride,VirtualRide,True,34.25,27.65,3620,4458,52.0,163.0,172.0,139.0,163.0,84.1,95.6,1.055,-3.13,1.237,92.0,565,,,
2020-08-31,2020-08-31T15:41:40,i171660783,사이클링,Ride,False,60.12,27.41,7876,15264,311.0,170.0,207.0,160.0,186.0,77.8,115.0,1.218,9.36,1.294,289.0,1055,,,
2020-08-25,2020-08-25T21:37:44,i171666628,사이클링,Ride,False,85.52,27.43,11267,15120,313.0,158.0,188.0,146.0,175.0,73.0,104.4,1.19,10.7,1.288,341.0,1424,,,
2020-08-23,2020-08-23T20:26:01,i171667745,사이클링,Ride,False,64.47,22.18,10441,14079,67.0,83.0,104.0,110.0,150.0,68.0,57.8,1.253,-0.36,0.945,97.0,690,,,
2020-08-21,2020-08-21T20:24:47,i171668777,사이클링,Ride,False,100.2,30.28,12103,16894,87.0,178.0,198.0,155.0,176.0,76.5,110.0,1.112,4.18,1.277,407.0,1655,,,
2020-08-20,2020-08-20T20:42:43,i171662350,사이클링,Ride,False,54.57,19.73,9930,12894,40.0,68.0,91.0,105.0,155.0,57.1,50.6,1.338,12.27,0.867,70.0,587,,,
2020-08-18,2020-08-18T23:33:41,i171667413,사이클링,Ride,False,53.93,21.55,9051,13279,37.0,87.0,141.0,117.0,171.0,63.5,78.3,1.621,-11.06,1.205,154.0,653,,,
2020-08-17,2020-08-17T21:11:41,i171668467,사이클링,Ride,False,55.47,29.02,6898,8096,53.0,169.0,194.0,148.0,175.0,76.7,107.8,1.148,7.89,1.311,223.0,922,,,
2020-08-15,2020-08-15T01:53:56,i171661624,Early morning Virtual Ride,VirtualRide,True,31.34,20.13,5325,5602,1070.0,183.0,205.0,152.0,175.0,84.9,113.9,1.12,12.0,1.349,192.0,936,,,
2020-08-12,2020-08-12T23:57:21,i171667070,Night Virtual Ride,VirtualRide,True,35.3,32.72,3845,3881,178.0,168.0,182.0,146.0,175.0,91.3,101.1,1.083,-2.55,1.247,109.0,624,,,
2020-08-11,2020-08-11T23:53:39,i171668171,Night Virtual Ride,VirtualRide,True,36.14,35.75,3627,3637,156.0,195.0,218.0,156.0,176.0,87.7,121.1,1.118,6.02,1.397,148.0,678,,,
2020-08-08,2020-08-08T22:13:41,i171661320,Night Virtual Ride,VirtualRide,True,30.7,15.35,6857,7199,1067.0,125.0,144.0,129.0,156.0,83.1,80.0,1.152,-0.03,1.116,122.0,846,,,
2020-08-07,2020-08-07T16:16:40,i171666753,사이클링,Ride,False,65.07,27.0,8709,11520,91.0,138.0,163.0,138.0,169.0,75.4,90.6,1.181,6.94,1.181,198.0,962,,,
2020-08-06,2020-08-06T23:08:17,i171667836,사이클링,Ride,False,36.24,30.43,4331,5039,28.0,170.0,179.0,150.0,164.0,77.0,99.4,1.053,0.24,1.193,119.0,582,,,
2020-08-06,2020-08-06T21:25:23,i171668870,사이클링,Ride,False,37.92,33.96,4043,5455,29.0,219.0,229.0,165.0,176.0,84.4,127.2,1.046,-5.66,1.388,182.0,665,,,
2020-08-04,2020-08-04T00:08:04,i171666298,Early morning Virtual Ride,VirtualRide,True,51.31,32.9,5458,5613,77.0,153.0,164.0,143.0,165.0,89.2,91.1,1.072,-2.12,1.147,126.0,801,,,
2020-08-04,2020-08-04T00:01:16,i171667514,Early morning Virtual Ride,VirtualRide,True,2.89,40.74,250,253,21.0,228.0,270.0,159.0,170.0,88.8,150.0,1.184,45.11,1.698,16.0,59,,,
2020-08-01,2020-08-01T23:57:52,i171668546,Night Virtual Ride,VirtualRide,True,36.23,36.52,3567,3570,55.0,199.0,221.0,151.0,171.0,82.2,122.8,1.111,5.49,1.464,149.0,677,,,
2020-07-29,2020-07-29T23:26:02,i171661729,Night Virtual Ride,VirtualRide,True,37.76,32.84,3774,4137,58.0,180.0,206.0,146.0,172.0,83.5,114.4,1.144,7.71,1.411,137.0,685,,,
2020-07-28,2020-07-28T22:21:16,i171667188,Night Virtual Ride,VirtualRide,True,64.12,34.42,6684,6704,97.0,157.0,160.0,132.0,146.0,77.5,88.9,1.019,3.6,1.212,147.0,1003,,,
2020-07-26,2020-07-26T11:47:18,i171668257,사이클링,Ride,False,110.05,26.0,15241,19756,413.0,134.0,176.0,145.0,180.0,69.7,97.8,1.313,5.98,1.214,405.0,1637,,,
2020-07-26,2020-07-26T08:32:51,i171661419,사이클링,Ride,False,8.45,18.79,1604,2228,70.0,89.0,139.0,119.0,155.0,63.9,77.2,1.562,33.41,1.168,27.0,118,,,
2020-07-25,2020-07-25T16:28:58,i171642271,사이클링,Ride,False,32.26,23.61,4906,5296,80.0,,,145.0,171.0,76.3,73.6,,,,74.0,1115,,,
2020-07-25,2020-07-25T10:26:26,i171666843,사이클링,Ride,False,90.22,25.48,12753,19231,154.0,129.0,175.0,139.0,181.0,70.4,97.2,1.357,-16.11,1.259,335.0,1305,,,
2020-07-25,2020-07-25T00:39:23,i171668021,사이클링,Ride,False,13.57,16.57,2940,5524,44.0,51.0,102.0,98.0,147.0,52.5,56.7,2.0,33.41,1.041,26.0,132,,,
2020-07-21,2020-07-21T06:47:37,i171660415,사이클링,Ride,False,81.43,27.85,10542,14987,59.0,142.0,173.0,145.0,174.0,73.4,96.1,1.218,0.25,1.193,271.0,1201,,,
2020-07-20,2020-07-20T00:04:11,i171666565,Early morning Virtual Ride,VirtualRide,True,30.82,21.41,4158,5181,46.0,91.0,104.0,112.0,135.0,76.2,57.8,1.143,-5.01,0.929,39.0,371,,,
2020-07-18,2020-07-18T23:57:54,i171667696,Night Virtual Ride,VirtualRide,True,41.11,21.01,5063,7044,200.0,128.0,156.0,134.0,188.0,84.4,86.7,1.219,-20.76,1.164,106.0,640,,,
2020-07-16,2020-07-16T19:58:29,i171668746,사이클링,Ride,False,45.81,31.83,5182,8219,108.0,170.0,213.0,154.0,181.0,80.0,118.3,1.253,-1.88,1.383,202.0,663,,,
2020-07-14,2020-07-14T14:59:16,i171662311,사이클링,Ride,False,70.4,25.4,9951,13473,78.0,132.0,175.0,141.0,176.0,70.0,97.2,1.326,1.16,1.241,261.0,1040,,,
2020-07-11,2020-07-11T06:48:04,i171667383,사이클링,Ride,False,67.94,23.44,10413,17434,570.0,112.0,153.0,133.0,175.0,67.6,85.0,1.366,8.55,1.15,209.0,952,,,
2020-07-09,2020-07-09T20:04:03,i171668427,사이클링,Ride,False,46.68,31.11,5374,8197,222.0,179.0,216.0,160.0,181.0,82.8,120.0,1.207,0.25,1.35,215.0,724,,,
2020-07-09,2020-07-09T15:10:40,i171661584,Afternoon Virtual Ride,VirtualRide,True,24.33,13.25,3876,6609,307.0,90.0,122.0,115.0,163.0,82.8,67.8,1.356,21.05,1.061,49.0,341,,,
2020-07-08,2020-07-08T13:41:15,i171667020,사이클링,Ride,False,80.23,26.56,10877,14840,582.0,151.0,180.0,154.0,177.0,76.7,100.0,1.192,16.7,1.169,302.0,1286,,,
2020-07-05,2020-07-05T15:38:16,i171642264,기본값,Ride,False,17.71,21.17,2954,3988,64.0,,,137.0,170.0,77.0,68.2,,,,39.0,534,,,
2020-07-05,2020-07-05T07:12:04,i171668123,사이클링,Ride,False,74.3,27.02,9983,13552,766.0,145.0,189.0,147.0,179.0,74.4,105.0,1.303,11.79,1.286,306.0,1108,,,
2020-07-04,2020-07-04T21:20:22,i171661271,기본값,Ride,False,20.5,13.63,5318,8797,128.0,49.0,83.0,99.0,131.0,59.1,46.1,1.694,31.96,0.838,31.0,220,,,
2020-07-04,2020-07-04T08:08:29,i171666684,기본값,Ride,False,47.16,29.19,5819,10843,316.0,155.0,200.0,151.0,179.0,79.0,111.1,1.29,11.2,1.325,200.0,687,,,
2020-07-03,2020-07-03T18:07:36,i171667787,기본값,Ride,False,12.26,25.2,1743,4444,46.0,143.0,192.0,138.0,166.0,75.4,106.7,1.343,15.89,1.391,55.0,194,,,
2020-07-02,2020-07-02T00:07:36,i171668814,Early morning Virtual Ride,VirtualRide,True,36.4,36.22,3615,3617,56.0,188.0,204.0,152.0,172.0,94.1,113.3,1.085,-5.6,1.342,129.0,648,,,
2020-07-01,2020-07-01T00:33:32,i171662375,Early morning Virtual Ride,VirtualRide,True,35.46,35.26,3617,3619,53.0,156.0,170.0,151.0,171.0,92.2,94.4,1.09,-13.35,1.126,90.0,615,,,
2020-06-27,2020-06-27T17:23:24,i171667454,기본값,Ride,False,73.37,23.02,11508,19722,107.0,84.0,116.0,115.0,157.0,69.8,64.4,1.381,-8.6,1.009,133.0,748,,,
2020-06-26,2020-06-26T15:09:26,i171668499,기본값,Ride,False,78.51,25.02,11307,16503,726.0,150.0,197.0,148.0,175.0,75.8,109.4,1.313,20.02,1.331,376.0,1334,,,
2020-06-26,2020-06-26T00:11:02,i171661665,Early morning Virtual Ride,VirtualRide,True,40.31,33.06,4235,4387,242.0,182.0,195.0,147.0,169.0,84.5,108.3,1.071,3.67,1.327,138.0,737,,,
2020-06-22,2020-06-22T20:45:14,i171667118,기본값,Ride,False,28.58,19.33,5351,6489,34.0,53.0,77.0,105.0,142.0,62.2,42.8,1.453,6.9,0.733,27.0,219,,,
2020-06-22,2020-06-22T17:18:39,i171668219,기타,Ride,False,20.86,26.62,2822,4106,28.0,135.0,166.0,147.0,177.0,77.1,92.2,1.23,19.55,1.129,67.0,420,,,
2020-06-21,2020-06-21T20:45:36,i171661386,기본값,Ride,False,73.05,26.07,10142,14857,53.0,118.0,153.0,135.0,174.0,75.8,85.0,1.297,-0.62,1.133,204.0,915,,,
2020-06-21,2020-06-21T07:16:29,i171666782,기본값,Ride,False,67.85,32.12,7598,9992,567.0,177.0,211.0,163.0,183.0,81.2,117.2,1.192,6.54,1.294,290.0,1033,,,
2020-06-19,2020-06-19T23:45:33,i171667879,Night Virtual Ride,VirtualRide,True,41.37,32.44,4586,4589,368.0,164.0,172.0,147.0,164.0,91.0,95.6,1.049,-1.49,1.17,116.0,721,,,
2020-06-14,2020-06-14T21:57:39,i171642258,기본값,Ride,False,63.62,24.67,9316,12674,36.0,112.0,153.0,133.0,176.0,68.6,85.0,1.366,-77.33,1.15,187.0,855,,,
2020-06-12,2020-06-12T11:25:22,i171642252,기본값,Ride,False,101.06,31.19,11665,19452,142.0,183.0,197.0,162.0,183.0,78.7,109.4,1.077,4.99,1.216,388.0,1657,,,
2020-06-10,2020-06-10T21:20:17,i171667558,Night Virtual Ride,VirtualRide,True,29.96,39.38,2735,2737,101.0,206.0,217.0,168.0,186.0,94.3,120.6,1.053,2.97,1.292,110.0,566,,,
2020-06-08,2020-06-08T20:26:42,i171668611,Night Virtual Ride,VirtualRide,True,61.46,26.11,7260,8471,667.0,142.0,166.0,136.0,161.0,78.1,92.2,1.169,-3.39,1.221,172.0,997,,,
2020-06-05,2020-06-05T09:44:17,i171642245,기본값,Ride,False,105.31,22.64,16821,26910,700.0,116.0,156.0,136.0,170.0,70.2,86.7,1.345,22.17,1.147,351.0,1531,,,
2020-06-04,2020-06-04T12:08:56,i171642240,기본값,Ride,False,91.19,25.23,12958,25293,606.0,143.0,184.0,150.0,185.0,74.8,102.2,1.287,-10.27,1.227,376.0,1527,,,
2020-05-30,2020-05-30T18:00:13,i171642230,기본값,Ride,False,85.26,23.28,13239,21271,174.0,89.0,121.0,120.0,173.0,67.4,67.2,1.36,-10.81,1.008,166.0,936,,,
2020-05-29,2020-05-29T20:25:37,i171642212,기본값,Ride,False,36.71,32.18,4121,4815,94.0,164.0,199.0,156.0,182.0,78.3,110.6,1.213,-23.79,1.276,140.0,520,,,
2020-05-29,2020-05-29T14:43:35,i171642206,기본값,Ride,False,9.16,15.82,2089,5852,30.0,51.0,81.0,,,51.2,45.0,1.588,,,12.0,121,,,
2020-05-28,2020-05-28T23:40:40,i171667975,Night Virtual Ride,VirtualRide,True,32.1,33.23,3441,3476,132.0,151.0,163.0,151.0,175.0,86.4,90.6,1.079,2.44,1.079,78.0,571,,,
2020-05-25,2020-05-25T23:30:40,i171660393,Night Virtual Ride,VirtualRide,True,22.33,28.08,2716,2861,200.0,104.0,118.0,135.0,179.0,79.9,65.6,1.135,21.44,0.874,32.0,348,,,
2020-05-25,2020-05-25T22:19:33,i171642200,기본값,VirtualRide,True,0.0,0.0,2621,2621,0.0,149.0,159.0,155.0,164.0,96.0,88.3,1.067,2.9,1.026,57.0,645,,,
2020-05-25,2020-05-25T22:11:06,i171666503,Night Virtual Ride,VirtualRide,True,30.69,35.14,3140,3143,46.0,171.0,182.0,150.0,164.0,94.8,101.1,1.064,-1.87,1.213,89.0,513,,,
2020-05-24,2020-05-24T23:06:08,i171667650,Night Virtual Ride,VirtualRide,True,47.13,32.07,5288,5290,242.0,137.0,148.0,136.0,152.0,89.3,82.2,1.08,-9.54,1.088,99.0,690,,,
2020-05-23,2020-05-23T18:22:22,i171642196,기본값,Ride,False,73.06,22.49,11694,18355,115.0,85.0,117.0,127.0,163.0,68.8,65.0,1.376,-5.79,0.921,137.0,1632,,,
2020-05-22,2020-05-22T13:33:32,i171642191,기본값,Ride,False,72.74,28.44,9193,14698,63.0,134.0,160.0,148.0,178.0,77.3,88.9,1.194,-0.23,1.081,202.0,2066,,,
2020-05-21,2020-05-21T21:14:40,i171642188,기본값,Ride,False,80.08,23.41,12245,18692,70.0,105.0,156.0,135.0,182.0,67.9,86.7,1.486,-1.44,1.156,255.0,1966,,,
2020-05-20,2020-05-20T20:26:32,i171642180,기본값,Ride,False,39.49,22.88,6206,9950,118.0,,,146.0,176.0,78.9,75.8,,,,100.0,1295,,,
2020-05-17,2020-05-17T16:46:05,i171642174,기본값,Ride,False,54.13,20.31,9544,11956,306.0,77.0,110.0,122.0,159.0,66.1,61.1,1.429,-7.89,0.902,99.0,1162,,,
2020-05-17,2020-05-17T09:13:41,i171642170,기본값,Ride,False,73.98,31.04,8627,14260,662.0,166.0,198.0,161.0,183.0,72.5,110.0,1.193,2.45,1.23,290.0,2233,,,
2020-05-13,2020-05-13T16:06:04,i171642163,기본값,Ride,False,28.03,22.08,4536,7350,35.0,102.0,129.0,133.0,162.0,66.4,71.7,1.265,-8.67,0.97,65.0,750,,,
2020-05-13,2020-05-13T09:33:53,i171642161,기본값,Ride,False,101.55,30.13,12153,23424,216.0,159.0,177.0,155.0,178.0,83.0,98.3,1.113,1.08,1.142,326.0,2951,,,
2020-05-12,2020-05-12T23:43:31,i171661223,Night Virtual Ride,VirtualRide,True,9.46,32.17,1057,1058,124.0,168.0,191.0,146.0,185.0,87.8,106.1,1.137,-41.12,1.308,33.0,184,,,
2020-05-08,2020-05-08T22:22:21,i171666636,Night Virtual Ride,VirtualRide,True,20.21,30.88,2353,2355,32.0,123.0,158.0,143.0,169.0,77.8,87.8,1.285,-3.3,1.105,50.0,282,,,
2020-05-08,2020-05-08T21:05:20,i171667757,Night Virtual Ride,VirtualRide,True,24.79,37.35,2385,2388,240.0,210.0,216.0,170.0,181.0,96.8,120.0,1.029,-0.79,1.271,95.0,528,,,
2020-05-07,2020-05-07T15:45:41,i171642156,기본값,Ride,False,34.37,22.64,5447,8307,288.0,123.0,171.0,153.0,185.0,72.9,95.0,1.39,-1.52,1.118,137.0,1317,,,
2020-05-07,2020-05-07T14:56:29,i171642151,기본값,Ride,False,21.1,32.32,2350,2647,11.0,176.0,181.0,169.0,181.0,90.5,100.6,1.028,-4.25,1.071,66.0,662,,,
2020-05-07,2020-05-07T13:27:36,i171642148,기본값,Ride,False,0.0,0.0,2861,2861,0.0,14.0,67.0,95.0,151.0,88.1,37.2,4.786,3.05,0.705,11.0,143,,,
2020-05-03,2020-05-03T16:57:21,i171642144,기본값,Ride,False,62.8,19.53,11534,19774,351.0,74.0,113.0,121.0,161.0,60.4,62.8,1.527,8.22,0.934,126.0,1146,,,
2020-05-02,2020-05-02T17:25:00,i171642138,기본값,Ride,False,63.04,20.75,10941,16063,83.0,65.0,100.0,112.0,152.0,59.7,55.6,1.538,-5.04,0.893,94.0,537,,,
2020-05-01,2020-05-01T11:29:02,i171642132,기본값,Ride,False,61.64,18.62,11856,17864,379.0,61.0,107.0,120.0,165.0,51.8,59.4,1.754,5.75,0.892,116.0,1116,,,
2020-05-01,2020-05-01T10:11:45,i171642129,기본값,Ride,False,31.51,19.97,5505,7979,82.0,,,128.0,162.0,76.8,59.1,,,,57.0,821,,,
2020-04-30,2020-04-30T23:22:44,i171642124,기본값,Ride,False,19.88,22.96,3084,3462,63.0,,,140.0,171.0,77.9,70.1,,,,43.0,616,,,
2020-04-26,2020-04-26T15:09:25,i171642113,기본값,Ride,False,54.56,20.87,9427,13131,64.0,74.0,101.0,118.0,148.0,60.8,56.1,1.365,-47.7,0.856,82.0,799,,,
2020-04-26,2020-04-26T15:07:09,i171642103,기본값,Ride,False,36.95,20.86,6328,9290,101.0,,,153.0,188.0,78.7,82.7,,,,122.0,1531,,,
2020-04-26,2020-04-26T08:22:23,i171642095,기본값,Ride,False,63.68,29.12,7865,11151,600.0,149.0,184.0,161.0,186.0,78.4,102.2,1.235,11.28,1.143,228.0,2037,,,
2020-04-23,2020-04-23T20:08:17,i171642090,기본값,Ride,False,4.92,18.75,992,1221,18.0,,,,,22.1,,,,,0.0,,,,
2020-04-23,2020-04-23T20:00:22,i171642088,기본값,Ride,False,1.96,16.23,365,466,0.0,,,,,34.6,,,,,0.0,,,,
2020-04-19,2020-04-19T10:54:30,i171642087,기본값,Ride,False,40.52,19.72,7382,10637,51.0,72.0,105.0,116.0,162.0,60.7,58.3,1.458,12.65,0.905,70.0,595,,,
2020-04-19,2020-04-19T01:04:10,i171642079,기본값,VirtualRide,True,0.0,0.0,740,740,0.0,,,,,,,,,,0.0,,,,
2020-04-18,2020-04-18T12:10:16,i171642076,기본값,Ride,False,29.51,19.66,5257,7386,62.0,,,136.0,165.0,17.8,65.5,,,,65.0,963,,,
2020-04-18,2020-04-18T09:26:21,i171642070,기본값,Ride,False,65.4,23.31,10083,15764,1262.0,151.0,177.0,161.0,188.0,66.4,98.3,1.172,2.33,1.099,271.0,2536,,,
2020-04-15,2020-04-15T11:21:54,i171642067,기본값,Ride,False,48.85,19.11,9034,19975,78.0,70.0,120.0,117.0,168.0,55.4,66.7,1.714,23.42,1.026,112.0,810,,,
2020-04-15,2020-04-15T11:09:52,i171642057,기본값,Ride,False,46.96,17.33,9541,19693,111.0,,,,,57.3,,,,,0.0,,,,
2020-04-14,2020-04-14T14:42:20,i171642053,기본값,Ride,False,60.35,22.37,9706,11978,160.0,113.0,166.0,142.0,179.0,63.2,92.2,1.469,-11.56,1.169,229.0,1808,,,
2020-04-10,2020-04-10T14:19:19,i171642045,기본값,Ride,False,91.83,23.61,14016,25682,133.0,104.0,144.0,136.0,182.0,64.2,80.0,1.385,34.72,1.059,249.0,2438,,,
2020-04-06,2020-04-06T12:04:33,i171642040,기본값,Ride,False,102.09,24.43,15061,20417,488.0,132.0,165.0,150.0,187.0,71.0,91.7,1.25,2.97,1.1,352.0,3449,,,
2020-04-05,2020-04-05T16:47:53,i171642036,기본값,Ride,False,46.12,16.55,10058,16308,60.0,59.0,87.0,,,53.8,48.3,1.475,,,65.0,661,,,
2020-04-02,2020-04-02T21:23:21,i171642028,기본값,Ride,False,20.68,29.96,2461,3284,96.0,147.0,185.0,162.0,186.0,76.6,102.8,1.259,-4.12,1.142,72.0,653,,,
2020-04-02,2020-04-02T20:37:44,i171642020,기본값,Ride,False,16.35,28.04,2063,2731,6.0,164.0,185.0,164.0,180.0,82.9,102.8,1.128,17.71,1.128,61.0,554,,,
2020-03-31,2020-03-31T23:24:33,i171667180,Night Virtual Ride,VirtualRide,True,40.16,34.65,4169,4170,62.0,170.0,188.0,157.0,174.0,0.0,104.4,1.106,14.82,1.197,126.0,680,,,
2020-03-28,2020-03-28T13:06:42,i171642015,기본값,Ride,False,32.06,15.15,7318,13469,146.0,46.0,113.0,,,41.6,62.8,2.457,,,80.0,388,,,
2020-03-25,2020-03-25T22:01:29,i171642008,기본값,Ride,False,23.1,19.83,4188,6145,6.0,64.0,83.0,109.0,137.0,60.6,46.1,1.297,-2.31,0.761,25.0,153,,,
2020-03-23,2020-03-23T22:39:53,i171642004,기본값,Ride,False,5.75,11.02,1747,5415,3.0,27.0,46.0,,,34.9,25.6,1.704,,,3.0,58,,,
2020-03-23,2020-03-23T12:12:46,i171642001,기본값,Ride,False,56.8,23.68,8589,15369,114.0,127.0,167.0,148.0,175.0,68.9,92.8,1.315,12.15,1.128,205.0,1886,,,
2020-03-22,2020-03-22T16:13:01,i171641993,기본값,Ride,False,23.0,18.07,4611,8557,106.0,,,130.0,165.0,,59.5,,,,47.0,689,,,
2020-03-22,2020-03-22T16:02:04,i171641988,기본값,Ride,False,24.04,17.41,4914,8007,94.0,59.0,119.0,116.0,165.0,53.6,66.1,2.017,-61.84,1.026,60.0,357,,,
2020-03-20,2020-03-20T23:41:37,i171668033,Night Virtual Ride,VirtualRide,True,30.65,35.05,3145,3147,46.0,177.0,198.0,155.0,173.0,83.2,110.0,1.119,8.9,1.277,106.0,530,,,
2020-03-16,2020-03-16T00:12:51,i171660448,Early morning Virtual Ride,VirtualRide,True,16.38,26.41,2226,2232,26.0,87.0,91.0,125.0,132.0,84.5,50.6,1.046,10.45,0.728,16.0,186,,,
2020-03-15,2020-03-15T09:23:43,i171641981,기본값,Ride,False,46.95,28.67,5944,7568,294.0,151.0,179.0,155.0,177.0,75.3,99.4,1.185,-4.03,1.155,163.0,1440,,,
2020-03-14,2020-03-14T09:13:46,i171641976,기본값,Ride,False,65.12,25.22,9309,16408,420.0,129.0,168.0,151.0,177.0,72.7,93.3,1.302,14.97,1.113,225.0,2168,,,
2020-03-12,2020-03-12T12:35:46,i171641973,기본값,Ride,False,101.06,25.03,14542,19090,145.0,138.0,159.0,152.0,176.0,74.5,88.3,1.152,8.57,1.046,315.0,3419,,,
2020-03-11,2020-03-11T20:16:59,i171641965,기본값,Ride,False,15.4,20.48,2692,3825,135.0,122.0,193.0,147.0,181.0,61.9,107.2,1.582,-92.26,1.313,86.0,596,,,
2020-03-11,2020-03-11T16:45:14,i171641962,기본값,Ride,False,15.4,16.62,3316,4992,44.0,50.0,100.0,113.0,160.0,38.3,55.6,2.0,12.69,0.885,28.0,256,,,
2020-03-10,2020-03-10T00:06:33,i171668437,Early morning Virtual Ride,VirtualRide,True,33.2,26.55,3700,4501,134.0,169.0,185.0,152.0,174.0,82.6,102.8,1.095,4.73,1.217,109.0,606,,,
2020-03-09,2020-03-09T11:10:07,i171661592,Lunch Virtual Ride,VirtualRide,True,28.37,33.27,3067,3069,45.0,161.0,182.0,154.0,173.0,89.4,101.1,1.13,9.99,1.182,87.0,472,,,
2020-03-06,2020-03-06T23:28:53,i171667028,Night Virtual Ride,VirtualRide,True,40.18,35.87,4029,4032,61.0,174.0,198.0,162.0,181.0,91.5,110.0,1.138,-4.46,1.222,135.0,670,,,
2020-03-05,2020-03-05T00:35:18,i171668130,Early morning Virtual Ride,VirtualRide,True,32.63,34.15,3439,3439,51.0,161.0,208.0,157.0,178.0,88.9,115.6,1.292,-1.56,1.325,128.0,542,,,
2020-03-01,2020-03-01T14:24:58,i171641957,기본값,Ride,False,32.4,28.04,4140,5621,175.0,,,163.0,182.0,84.1,92.9,,,,100.0,1108,,,
2020-02-29,2020-02-29T00:33:40,i171666701,Early morning Virtual Ride,VirtualRide,True,33.08,23.44,3714,5079,51.0,151.0,180.0,150.0,188.0,82.7,100.0,1.192,4.5,1.2,103.0,540,,,
2020-02-26,2020-02-26T23:56:10,i171667795,Night Virtual Ride,VirtualRide,True,35.14,33.23,3804,3806,53.0,147.0,173.0,152.0,177.0,87.3,96.1,1.177,16.47,1.138,98.0,533,,,
2020-02-23,2020-02-23T10:00:34,i171641953,기본값,Ride,False,67.9,27.82,8783,12179,619.0,,,164.0,188.0,84.9,93.6,,,,215.0,2363,,,
2020-02-21,2020-02-21T11:52:43,i171662394,Lunch Virtual Ride,VirtualRide,True,20.78,35.29,2116,2118,32.0,173.0,173.0,163.0,174.0,85.7,96.1,1.0,6.95,1.061,54.0,349,,,
2020-02-18,2020-02-18T00:03:34,i171667472,Early morning Virtual Ride,VirtualRide,True,33.65,33.31,3633,3635,51.0,151.0,161.0,151.0,171.0,89.3,89.4,1.066,4.21,1.066,81.0,523,,,
2020-02-17,2020-02-17T00:00:10,i171668509,Early morning Virtual Ride,VirtualRide,True,20.55,21.45,2400,3448,197.0,148.0,187.0,148.0,185.0,82.6,103.9,1.264,-1.53,1.264,72.0,342,,,
2020-02-09,2020-02-09T10:45:30,i171641950,기본값,Ride,False,67.74,29.21,8344,10668,628.0,,,167.0,184.0,87.3,96.9,,,,219.0,2313,,,
2020-02-01,2020-02-01T10:19:14,i171641946,기본값,Ride,False,86.68,27.6,11245,18860,535.0,,,153.0,183.0,81.3,82.5,,,,215.0,2654,,,
2020-01-29,2020-01-29T11:13:04,i171641943,기본값,Ride,False,56.77,18.5,10927,21355,472.0,,,133.0,179.0,70.2,63.2,,,,124.0,1788,,,
2020-01-20,2020-01-20T15:04:59,i171641934,기본값,Ride,False,50.47,25.42,7169,9996,74.0,,,154.0,178.0,79.1,81.9,,,,134.0,1750,,,
2020-01-15,2020-01-15T10:59:22,i171641926,기본값,Ride,False,71.55,22.62,11274,19323,106.0,,,138.0,172.0,73.3,67.7,,,,146.0,2197,,,
2020-01-14,2020-01-14T17:35:59,i171641915,기본값,Ride,False,12.7,16.62,2752,6834,131.0,,,139.0,177.0,67.5,68.6,,,,38.0,531,,,
2020-01-14,2020-01-14T15:53:06,i171641905,기본값,Ride,False,8.5,16.69,1788,3297,4.0,,,118.0,171.0,57.6,50.1,,,,13.0,155,,,
2020-01-13,2020-01-13T02:58:04,i171666394,Early morning Virtual Ride,VirtualRide,True,37.15,31.69,4200,4219,58.0,141.0,145.0,152.0,164.0,93.1,80.6,1.028,1.46,0.954,76.0,568,,,
2020-01-12,2020-01-12T03:20:23,i171667575,Early morning Virtual Ride,VirtualRide,True,41.35,31.99,4510,4651,63.0,157.0,174.0,152.0,175.0,79.4,96.7,1.108,-0.03,1.145,117.0,681,,,
2020-01-11,2020-01-11T01:53:13,i171668614,Early morning Virtual Ride,VirtualRide,True,36.1,28.2,4209,4608,182.0,143.0,152.0,155.0,172.0,88.6,84.4,1.063,2.68,0.981,83.0,577,,,
2020-01-04,2020-01-04T10:28:08,i171641900,기타,Ride,False,80.99,23.97,12064,24626,100.0,,,155.0,183.0,77.9,84.3,,,,241.0,2985,,,
2019-12-27,2019-12-27T08:55:14,i171667234,Morning Virtual Ride,VirtualRide,True,30.41,31.5,3436,3473,46.0,146.0,156.0,146.0,163.0,85.3,86.7,1.068,2.52,1.068,72.0,480,,,
2019-12-22,2019-12-22T01:07:28,i171668312,Early morning Virtual Ride,VirtualRide,True,41.18,32.82,4514,4516,63.0,142.0,151.0,153.0,169.0,92.1,83.9,1.063,7.98,0.987,88.0,613,,,
2019-12-19,2019-12-19T14:41:59,i171641894,기본값,Ride,False,41.36,21.41,6863,13403,90.0,,,149.0,176.0,78.4,77.0,,,,118.0,1584,,,
2019-12-16,2019-12-16T01:28:07,i171666916,Early morning Virtual Ride,VirtualRide,True,37.73,29.22,4089,4646,58.0,154.0,169.0,153.0,175.0,92.6,93.9,1.097,-3.39,1.105,100.0,605,,,
2019-12-13,2019-12-13T03:17:34,i171667986,Early morning Virtual Ride,VirtualRide,True,12.55,33.82,1308,1334,34.0,171.0,188.0,158.0,174.0,90.0,104.4,1.099,21.99,1.19,40.0,217,,,
2019-12-10,2019-12-10T02:26:32,i171660405,Early morning Virtual Ride,VirtualRide,True,36.62,31.2,4222,4224,311.0,140.0,144.0,152.0,169.0,88.3,80.0,1.029,3.22,0.947,75.0,564,,,
2019-12-06,2019-12-06T01:03:36,i171666520,Early morning Virtual Ride,VirtualRide,True,37.84,29.14,4213,4672,102.0,149.0,166.0,153.0,174.0,79.8,92.2,1.114,0.95,1.085,100.0,600,,,
2019-12-02,2019-12-02T01:00:42,i171667663,Early morning Virtual Ride,VirtualRide,True,10.84,17.96,1564,2171,192.0,131.0,190.0,155.0,183.0,74.6,105.6,1.45,45.79,1.226,48.0,218,,,
2019-12-02,2019-12-02T00:19:17,i171668711,Early morning Virtual Ride,VirtualRide,True,8.91,34.66,921,924,13.0,172.0,197.0,158.0,188.0,92.5,109.4,1.145,-35.03,1.247,31.0,151,,,
2019-12-01,2019-12-01T02:31:46,i171662288,Early morning Virtual Ride,VirtualRide,True,34.67,26.74,4197,4667,367.0,141.0,152.0,154.0,170.0,84.3,84.4,1.078,5.46,0.987,83.0,571,,,
2019-11-23,2019-11-23T16:20:50,i171641886,기본값,Ride,False,55.67,25.28,7879,10706,42.0,,,156.0,185.0,81.4,85.0,,,,159.0,1984,,,
2019-11-21,2019-11-21T00:43:50,i171668397,Early morning Virtual Ride,VirtualRide,True,30.63,29.56,3660,3729,79.0,124.0,141.0,147.0,174.0,89.0,78.3,1.137,13.62,0.959,62.0,436,,,
2019-11-19,2019-11-19T23:46:51,i171661570,Night Virtual Ride,VirtualRide,True,37.48,31.95,4216,4222,104.0,147.0,160.0,162.0,184.0,87.5,88.9,1.088,0.75,0.988,93.0,592,,,
2019-11-15,2019-11-15T14:05:14,i171666986,Afternoon Virtual Ride,VirtualRide,True,30.53,21.09,3697,5210,236.0,152.0,169.0,161.0,188.0,91.9,93.9,1.112,22.9,1.05,91.0,536,,,
2019-11-12,2019-11-12T01:25:35,i171668095,Early morning Virtual Ride,VirtualRide,True,16.3,32.17,1821,1823,26.0,142.0,165.0,156.0,177.0,89.5,91.7,1.162,19.77,1.058,43.0,248,,,
2019-10-29,2019-10-29T13:55:27,i171641880,기본값,Ride,False,52.88,24.16,7855,15090,121.0,,,147.0,174.0,87.1,76.7,,,,129.0,1703,,,
2019-10-29,2019-10-29T13:04:22,i171641869,기본값,Ride,False,2.48,9.19,572,1635,2.0,,,118.0,168.0,73.3,49.7,,,,7.0,107,,,
2019-10-26,2019-10-26T11:23:21,i171641867,기본값,Ride,False,73.58,22.13,11829,19879,303.0,,,153.0,186.0,81.7,82.2,,,,229.0,2861,,,
2019-10-26,2019-10-26T11:20:46,i171641861,기본값,Ride,False,71.49,21.85,11625,20045,271.0,,,134.0,178.0,81.3,63.7,,,,135.0,2071,,,
2019-10-24,2019-10-24T02:17:53,i171641850,기본값,Ride,False,10.33,20.33,1884,2112,72.0,,,,,72.6,,,,,0.0,,,,
2019-10-22,2019-10-22T20:59:10,i171641844,기본값,Ride,False,31.37,22.86,4943,7027,73.0,,,146.0,170.0,80.4,74.6,,,,77.0,1083,,,
2019-10-21,2019-10-21T13:33:57,i171641834,기본값,Ride,False,75.18,27.12,9955,15924,121.0,,,154.0,178.0,84.2,82.7,,,,190.0,2456,,,
2019-10-18,2019-10-18T00:06:45,i171662356,Early morning Virtual Ride,VirtualRide,True,36.74,19.14,4211,6906,56.0,138.0,142.0,145.0,158.0,91.6,78.9,1.029,4.07,0.979,73.0,556,,,
2019-10-12,2019-10-12T09:08:28,i171641826,기본값,Ride,False,49.2,21.78,8116,8415,414.0,,,162.0,185.0,79.1,89.9,,,,185.0,2171,,,
2019-10-12,2019-10-12T09:08:26,i171641817,기본값,Ride,False,49.28,26.56,6644,7320,392.0,,,154.0,182.0,81.4,82.5,,,,127.0,1664,,,
2019-10-10,2019-10-10T23:05:26,i171641803,기본값,Ride,False,14.95,24.99,2150,2208,109.0,,,146.0,168.0,81.2,75.5,,,,34.0,479,,,
2019-10-05,2019-10-05T01:23:39,i171661639,Early morning Virtual Ride,VirtualRide,True,32.43,31.68,3676,3684,51.0,148.0,160.0,154.0,171.0,82.4,88.9,1.081,10.57,1.039,81.0,520,,,
2019-10-04,2019-10-04T00:49:52,i171667077,Early morning Virtual Ride,VirtualRide,True,13.53,31.51,1543,1545,20.0,137.0,150.0,148.0,162.0,90.2,83.3,1.095,2.13,1.014,30.0,202,,,
2019-10-04,2019-10-04T00:31:20,i171668182,Early morning Virtual Ride,VirtualRide,True,5.95,27.93,763,766,11.0,115.0,128.0,133.0,153.0,90.4,71.1,1.113,0.45,0.962,11.0,84,,,
2019-09-30,2019-09-30T20:36:58,i171641798,기본값,Ride,False,30.52,24.89,4421,7359,53.0,,,153.0,173.0,83.2,80.6,,,,80.0,1078,,,
2019-09-30,2019-09-30T01:34:46,i171661342,Early morning Virtual Ride,VirtualRide,True,34.96,31.0,4044,4057,53.0,139.0,143.0,155.0,169.0,93.0,79.4,1.029,3.0,0.923,71.0,537,,,
2019-09-28,2019-09-28T02:44:32,i171641796,기본값,Ride,False,11.65,24.17,1716,3402,18.0,,,141.0,165.0,80.9,70.3,,,,24.0,354,,,
2019-09-28,2019-09-28T02:21:02,i171641790,기본값,Ride,False,9.97,30.23,1184,1304,0.0,,,163.0,170.0,90.8,92.3,,,,28.0,327,,,
2019-09-28,2019-09-28T02:00:27,i171641785,기본값,Ride,False,4.81,20.73,826,1124,5.0,,,133.0,149.0,69.5,62.4,,,,9.0,127,,,
2019-09-28,2019-09-28T01:04:32,i171641779,기본값,Ride,False,17.38,28.05,2228,3013,16.0,,,155.0,166.0,87.3,83.4,,,,43.0,571,,,
2019-09-28,2019-09-28T00:41:19,i171641772,기본값,Ride,False,5.08,26.41,687,1025,3.0,,,154.0,179.0,86.3,84.7,,,,14.0,173,,,
2019-09-27,2019-09-27T11:04:07,i171668564,Lunch Virtual Ride,VirtualRide,True,10.13,29.92,1216,1218,16.0,132.0,137.0,144.0,159.0,96.8,76.1,1.038,-12.08,0.951,20.0,153,,,
2019-09-26,2019-09-26T20:05:54,i171641768,기본값,Ride,False,36.57,23.24,5642,10247,100.0,,,147.0,177.0,81.7,77.8,,,,95.0,1248,,,
2019-09-25,2019-09-25T01:06:06,i171661744,Early morning Virtual Ride,VirtualRide,True,44.8,31.17,5171,5173,67.0,145.0,157.0,162.0,178.0,93.0,87.2,1.083,6.8,0.969,109.0,714,,,
2019-09-24,2019-09-24T21:09:43,i171641760,기본값,Ride,False,2.02,25.65,280,281,0.0,,,147.0,155.0,86.5,,,,,4.0,64,,,
2019-09-24,2019-09-24T19:58:02,i171641751,기본값,Ride,False,3.57,16.79,749,2066,9.0,,,121.0,146.0,,52.0,,,,6.0,80,,,
2019-09-24,2019-09-24T01:55:07,i171667201,Early morning Virtual Ride,VirtualRide,True,11.11,31.92,1250,1252,61.0,168.0,198.0,159.0,179.0,87.8,110.0,1.179,14.58,1.245,42.0,201,,,
2019-09-24,2019-09-24T00:41:49,i171668272,Early morning Virtual Ride,VirtualRide,True,24.6,27.12,3262,3265,328.0,137.0,141.0,151.0,159.0,96.0,78.3,1.029,3.57,0.934,56.0,427,,,
2019-09-23,2019-09-23T00:21:39,i171661433,Early morning Virtual Ride,VirtualRide,True,32.32,27.99,4154,4156,187.0,120.0,129.0,150.0,168.0,92.1,71.7,1.075,-1.41,0.86,59.0,475,,,
2019-09-20,2019-09-20T14:11:22,i171641746,기본값,Ride,False,60.39,26.6,8137,12620,63.0,,,143.0,177.0,81.0,70.5,,,,114.0,1637,,,
2019-09-16,2019-09-16T23:11:06,i171641739,기본값,Ride,False,47.28,27.95,6075,9430,54.0,,,160.0,173.0,82.3,88.3,,,,132.0,1626,,,
2019-09-16,2019-09-16T23:09:11,i171641725,기본값,Ride,False,0.06,5.21,27,44,0.0,,,113.0,127.0,33.1,,,,,0.0,3,,,
2019-09-16,2019-09-16T22:20:27,i171641714,기본값,Ride,False,15.9,27.88,2050,2594,7.0,,,154.0,176.0,86.1,82.8,,,,39.0,504,,,
2019-09-16,2019-09-16T00:30:14,i171666465,Early morning Virtual Ride,VirtualRide,True,25.35,25.28,3607,3610,350.0,128.0,133.0,138.0,149.0,82.6,73.9,1.039,2.54,0.964,55.0,441,,,
2019-09-15,2019-09-15T02:59:59,i171667621,Early morning Virtual Ride,VirtualRide,True,10.54,29.31,1288,1293,61.0,147.0,185.0,151.0,182.0,82.0,102.8,1.259,19.35,1.225,38.0,183,,,
2019-09-15,2019-09-15T02:06:06,i171668677,Early morning Virtual Ride,VirtualRide,True,20.33,27.56,2651,2654,59.0,114.0,119.0,139.0,150.0,89.3,66.1,1.044,2.69,0.856,32.0,290,,,
2019-09-14,2019-09-14T01:45:40,i171662246,Early morning Virtual Ride,VirtualRide,True,40.61,29.62,4931,4933,118.0,138.0,150.0,153.0,170.0,88.9,83.3,1.087,1.33,0.98,95.0,649,,,
2019-09-12,2019-09-12T05:02:59,i171667331,Morning Virtual Ride,VirtualRide,True,16.91,28.85,2106,2109,45.0,123.0,143.0,149.0,164.0,93.2,79.4,1.163,12.5,0.96,37.0,248,,,
2019-09-12,2019-09-12T03:40:48,i171668369,Early morning Virtual Ride,VirtualRide,True,29.4,29.26,3615,3617,64.0,128.0,132.0,152.0,165.0,95.4,73.3,1.031,1.43,0.868,54.0,442,,,
2019-09-10,2019-09-10T03:39:07,i171661515,Early morning Virtual Ride,VirtualRide,True,5.63,23.18,870,873,91.0,144.0,177.0,150.0,187.0,96.1,98.3,1.229,-61.36,1.18,23.0,119,,,
2019-09-10,2019-09-10T02:26:50,i171666949,Early morning Virtual Ride,VirtualRide,True,28.05,26.88,3755,3755,154.0,117.0,126.0,144.0,167.0,94.8,70.0,1.077,-2.32,0.875,51.0,419,,,
2019-09-09,2019-09-09T03:29:14,i171668046,Early morning Virtual Ride,VirtualRide,True,22.07,21.45,3691,3702,397.0,121.0,129.0,140.0,162.0,91.9,71.7,1.066,6.45,0.921,53.0,428,,,
2019-09-07,2019-09-07T22:52:12,i171660747,Night Virtual Ride,VirtualRide,True,40.17,28.63,4992,5048,114.0,129.0,144.0,147.0,167.0,91.4,80.0,1.116,4.38,0.98,89.0,616,,,
2019-09-05,2019-09-05T00:11:46,i171666599,Early morning Virtual Ride,VirtualRide,True,40.44,19.34,6253,7527,522.0,114.0,133.0,145.0,164.0,87.7,73.9,1.167,-6.65,0.917,95.0,688,,,
2019-09-04,2019-09-04T01:12:58,i171667721,Early morning Virtual Ride,VirtualRide,True,30.21,18.07,4582,6017,389.0,118.0,132.0,145.0,169.0,90.3,73.3,1.119,-26.71,0.91,68.0,516,,,
2019-09-03,2019-09-03T02:27:28,i171668440,Early morning Virtual Ride,VirtualRide,True,7.13,24.2,977,1059,69.0,132.0,160.0,139.0,167.0,83.7,88.9,1.212,-52.14,1.151,21.0,123,,,
2019-09-03,2019-09-03T01:55:18,i171668762,Early morning Virtual Ride,VirtualRide,True,13.18,25.88,1820,1832,65.0,105.0,121.0,137.0,154.0,87.7,67.2,1.152,1.21,0.883,23.0,184,,,
2019-09-03,2019-09-03T01:21:44,i171662330,Early morning Virtual Ride,VirtualRide,True,4.95,26.99,657,659,25.0,103.0,108.0,138.0,148.0,87.2,60.0,1.049,-28.35,0.783,7.0,64,,,
2019-09-03,2019-09-03T00:53:25,i171667394,Early morning Virtual Ride,VirtualRide,True,6.82,22.4,1055,1095,66.0,103.0,112.0,146.0,159.0,92.2,62.2,1.087,-14.04,0.767,11.0,104,,,
2019-09-03,2019-09-03T00:05:24,i171661600,Early morning Virtual Ride,VirtualRide,True,10.47,14.56,1490,2586,83.0,110.0,144.0,137.0,168.0,88.8,80.0,1.309,-0.97,1.051,26.0,164,,,
2019-09-02,2019-09-02T01:23:46,i171667047,Early morning Virtual Ride,VirtualRide,True,21.11,20.16,2933,3768,199.0,129.0,154.0,143.0,179.0,81.1,85.6,1.194,-15.52,1.077,60.0,362,,,
2019-09-01,2019-09-01T23:55:32,i171668149,Night Virtual Ride,VirtualRide,True,26.08,20.95,4261,4481,250.0,113.0,133.0,139.0,163.0,84.6,73.9,1.177,-21.1,0.957,65.0,462,,,
2019-09-01,2019-09-01T23:26:03,i171661289,Night Virtual Ride,VirtualRide,True,11.41,26.68,1536,1538,60.0,119.0,133.0,145.0,158.0,82.7,73.9,1.118,18.34,0.917,23.0,175,,,
2019-08-29,2019-08-29T18:06:59,i171666720,Evening Virtual Ride,VirtualRide,True,9.01,23.32,1331,1389,44.0,106.0,134.0,143.0,179.0,83.7,74.4,1.264,14.66,0.937,20.0,135,,,
2019-08-29,2019-08-29T17:02:59,i171667808,Afternoon Virtual Ride,VirtualRide,True,11.54,27.08,1530,1533,40.0,117.0,156.0,146.0,166.0,84.7,86.7,1.333,1.86,1.068,32.0,170,,,
2019-08-29,2019-08-29T02:15:26,i171668842,Early morning Virtual Ride,VirtualRide,True,21.16,19.03,2944,4000,199.0,129.0,138.0,148.0,162.0,82.0,76.7,1.07,-2.62,0.932,48.0,361,,,
2019-08-29,2019-08-29T00:58:12,i171662401,Early morning Virtual Ride,VirtualRide,True,5.09,28.67,635,638,56.0,141.0,153.0,146.0,161.0,82.7,85.0,1.085,-0.07,1.048,13.0,86,,,
2019-08-28,2019-08-28T23:47:28,i171667487,Night Virtual Ride,VirtualRide,True,2.46,24.97,350,353,22.0,147.0,173.0,139.0,155.0,77.3,96.1,1.177,-23.82,1.245,9.0,50,,,
2019-08-27,2019-08-27T22:43:11,i171641711,기본값,Ride,False,70.47,23.11,10905,15806,63.0,,,149.0,175.0,77.0,76.8,,,,181.0,2558,,,
2019-08-27,2019-08-27T00:08:17,i171641699,기본값,Ride,False,40.16,24.49,5864,7263,51.0,,,153.0,180.0,79.1,80.8,,,,108.0,1468,,,
2019-08-20,2019-08-20T17:47:49,i171641698,기본값,Ride,False,26.18,23.55,3981,5873,25.0,,,161.0,178.0,80.3,90.1,,,,91.0,1077,,,
2019-08-20,2019-08-20T17:47:49,i171666926,TODO,Ride,False,26.03,23.37,3961,5873,22.0,,,,,79.9,,,,,0.0,,,,
2019-08-20,2019-08-20T15:49:43,i171641690,기본값,Ride,False,25.55,23.68,3829,4918,19.0,,,162.0,181.0,78.1,90.3,,,,89.0,1047,,,
2019-08-20,2019-08-20T15:49:43,i171667994,TODO,Ride,False,26.28,24.32,3907,4918,22.0,,,,,78.1,,,,,0.0,,,,
2019-08-17,2019-08-17T11:53:19,i171641679,기본값,Ride,False,5.81,19.72,1046,1513,4.0,,,,,69.4,,,,,0.0,,,,
2019-08-17,2019-08-17T11:53:19,i171641681,기본값,Ride,False,5.8,20.11,1046,1513,2.0,,,,,69.4,,,,,0.0,,,,
2019-08-16,2019-08-16T23:59:12,i171641677,기본값,Ride,False,52.16,23.43,7943,12743,37.0,,,156.0,184.0,76.2,84.4,,,,161.0,2040,,,
2019-08-16,2019-08-16T23:59:12,i171666538,TODO,Ride,False,53.44,23.94,8055,12743,46.0,,,,,76.2,,,,,0.0,,,,
2019-08-14,2019-08-14T13:50:08,i171641669,기본값,Ride,False,10.61,17.07,2195,7663,26.0,,,,,,,,,,0.0,,,,
2019-08-05,2019-08-05T01:08:02,i171641666,기본값,Ride,False,23.41,23.15,3683,4853,27.0,,,156.0,181.0,,85.5,,,,75.0,935,,,
2019-08-05,2019-08-05T01:08:02,i171668722,TODO,Ride,False,23.46,23.14,3686,4853,21.0,,,,,,,,,,0.0,,,,
2019-07-20,2019-07-20T09:49:45,i171667149,25_20190720004942.gpx,Run,False,11.16,24.88,1663,2018,52.0,,,,,,,,,,0.0,,,,
2019-07-04,2019-07-04T09:15:07,i171668236,23_20190704001504.gpx,Run,False,10.36,24.63,1655,2370,46.0,,,,,,,,,,0.0,,,,
2019-07-04,2019-07-04T08:43:26,i171661409,22_20190703234323.gpx,Run,False,4.33,23.98,722,1888,13.0,,,,,,,,,,0.0,,,,
2019-07-04,2019-07-04T08:05:57,i171666808,21_20190703230453.gpx,Run,False,4.03,22.1,793,953,11.0,,,,,,,,,,0.0,,,,
2019-07-03,2019-07-03T10:19:48,i171667902,19_20190703011930.gpx,Run,False,4.81,27.54,624,702,23.0,,,,,,,,,,0.0,,,,
2019-06-11,2019-06-11T08:54:50,i171660272,17_20190610235446.gpx,Run,False,47.34,22.73,7411,10425,191.0,,,,,,,,,,0.0,,,,
2019-06-11,2019-06-11T01:50:59,i171666412,16_20190610165050.gpx,Run,False,10.79,18.08,2300,4259,75.0,,,,,,,,,,0.0,,,,
2019-06-10,2019-06-10T06:47:01,i171667581,15_20190609214657.gpx,Run,False,5.4,22.21,934,1008,21.0,,,,,,,,,,0.0,,,,
2019-06-09,2019-06-09T07:25:26,i171668628,14_20190608222522.gpx,Run,False,27.97,22.24,4567,6047,96.0,,,,,,,,,,0.0,,,,
2019-06-06,2019-06-06T10:29:25,i171662216,12_20190606012915.gpx,Run,False,2.96,20.62,527,640,21.0,,,,,,,,,,0.0,,,,
2019-06-03,2019-06-03T21:22:59,i171667246,9_20190603122111.gpx,Run,False,38.59,19.49,7256,13349,177.0,,,,,,,,,,0.0,,,,
2019-06-03,2019-06-03T20:52:17,i171668329,8_20190603115023.gpx,Run,False,8.02,20.98,1381,1483,30.0,,,,,,,,,,0.0,,,,
2019-06-03,2019-06-03T19:55:08,i171661474,7_20190603105457.gpx,Run,False,5.89,14.64,1508,3288,29.0,,,,,,,,,,0.0,,,,
